Log directory: C:\Users\kjh\AppData\Roaming\vp_app2\logs
[34m2026-08-17 11:32:26 [debug]: Logger initialized [39m
[34m2026-08-17 11:32:26 [debug]: Media, logo, and tmp paths checked or created [39m
[34m2026-08-17 11:32:26 [debug]: Database initialized [39m
[33m2026-08-17 11:32:26 [warn]: Unknown status type: repeat [39m
[34m2026-08-17 11:32:26 [debug]: Status updated from database [39m
[32m2026-08-17 11:32:26 [info]: media probe/thumbnail delegated to native player (GStreamer) [39m
[32m2026-08-17 11:32:26 [info]: Player exe: C:\Users\kjh\Desktop\DEV\vp_player\build\Release\vplayer.exe [39m
[32m2026-08-17 11:32:26 [info]: App path: C:\Users\kjh\Desktop\DEV\vp_app2 [39m
[32m2026-08-17 11:32:26 [info]: Player started with PID: 21432 [39m
[32m2026-08-17 11:32:26 [info]: Web server running at http://localhost:3210 [39m
[32m2026-08-17 11:32:26 [info]: discovery started (role=master) on 239.255.42.100:15003 [39m
[32m2026-08-17 11:32:26 [info]: Simple TCP server listening on port 15000 [39m
[32m2026-08-17 11:32:26 [info]: JSON TCP server listening on port 15001 [39m
[34m2026-08-17 11:32:27 [debug]: Client connected: plmIcaFEV2f2RRYoAAAB [39m
[32m2026-08-17 11:32:28 [info]: Player TCP port: 1300 [39m
[32m2026-08-17 11:32:28 [info]: Connected to player on port 1300 [39m
[32m2026-08-17 11:32:29 [info]: [Player] Player ready [39m
[32m2026-08-17 11:32:29 [info]: Player is ready [39m
[34m2026-08-17 11:32:29 [debug]: TCP response broadcasted to 0 clients: {"timestamp":"2026-08-17T02:32:29.339Z","success":true,"command":"event","message":"Event: playerReady","data":{"eventType":"playerReady"}} [39m
[32m2026-08-17 11:32:29 [info]: Initial player commands sent [39m
[32m2026-08-17 11:32:29 [info]: Command sent to player: {"command":"background_color","color":"#000000"} [39m
[32m2026-08-17 11:32:29 [info]: Command sent to player: {"command":"get_displays"} [39m
[32m2026-08-17 11:32:29 [info]: Command sent to player: {"command":"get_audio_devices"} [39m
[32m2026-08-17 11:32:29 [info]: Command sent to player: {"command":"logo_file","file":"C:\\Users\\kjh\\media\\logo\\harman-international-logo-vector.svg"} [39m
[32m2026-08-17 11:32:29 [info]: Command sent to player: {"command":"logo_size","size":200} [39m
[32m2026-08-17 11:32:29 [info]: Command sent to player: {"command":"show_logo","show":true} [39m
[32m2026-08-17 11:32:29 [info]: Player capabilities: channel_map, audio_track, live_routing, embedded_streams, display, timeline, multi_window, track_delay, memory_status, ptp_sync, net_clock, channel_delay, play_synced, preload_status, hwaccel, hw_only, master_volume, live_source [39m
[32m2026-08-17 11:32:29 [info]: Hardware acceleration: {"decode":"hardware","enabled":true,"mode":"on","render":"d3d11"} [39m
[32m2026-08-17 11:32:29 [info]: Displays updated: 2 monitors [39m
[32m2026-08-17 11:32:29 [info]: Command sent to player: {"command":"set_preload_config","lookahead":2,"max_decks":8} [39m
[32m2026-08-17 11:32:29 [info]: Command sent to player: {"command":"create_window","window_id":1,"monitor_index":1,"x":0,"y":0,"width":3070,"height":1706,"aspect_mode":"letterbox","z_order":0} [39m
[32m2026-08-17 11:32:29 [info]: Command sent to player: {"command":"background_color","window_id":1,"color":"#000000"} [39m
[32m2026-08-17 11:32:29 [info]: Command sent to player: {"command":"create_window","window_id":2,"monitor_index":1,"x":1920,"y":1080,"width":1920,"height":1080,"aspect_mode":"letterbox","z_order":0} [39m
[32m2026-08-17 11:32:29 [info]: Command sent to player: {"command":"background_color","window_id":2,"color":"#000000"} [39m
[32m2026-08-17 11:32:29 [info]: Command sent to player: {"command":"get_windows"} [39m
[32m2026-08-17 11:32:29 [info]: Command sent to player: {"command":"set_master_volume","volume":100} [39m
[32m2026-08-17 11:32:29 [info]: Command sent to player: {"command":"enable_ptp","domain":0} [39m
[32m2026-08-17 11:32:29 [info]: Background color set to: #000000 [39m
[34m2026-08-17 11:32:29 [debug]: TCP response broadcasted to 0 clients: {"timestamp":"2026-08-17T02:32:29.487Z","success":true,"command":"event","message":"Event: audioDevicesUpdated","data":{"eventType":"audioDevicesUpdated","count":6}} [39m
[32m2026-08-17 11:32:29 [info]: Audio devices updated: 6 devices [39m
[32m2026-08-17 11:32:29 [info]: Setting audio device to: asio:{F0918C00-B056-4087-88DF-817F245868B2} [39m
[32m2026-08-17 11:32:29 [info]: Command sent to player: {"command":"set_audio_device","device_id":"asio:{F0918C00-B056-4087-88DF-817F245868B2}"} [39m
[34m2026-08-17 11:32:29 [debug]: [Player] preload config: lookahead=2 max_decks=8 [39m
[34m2026-08-17 11:32:29 [debug]: [Player] window created: 1 [39m
[32m2026-08-17 11:32:29 [info]: Player windows: 1 [39m
[32m2026-08-17 11:32:29 [info]: Background color set to: #000000 [39m
[34m2026-08-17 11:32:29 [debug]: [Player] window created: 2 [39m
[32m2026-08-17 11:32:29 [info]: Player windows: 2 [39m
[32m2026-08-17 11:32:29 [info]: Player windows: 2 [39m
[33m2026-08-17 11:32:29 [warn]: Unknown message type from player: set_master_volume [39m
[32m2026-08-17 11:32:29 [info]: Background color set to: #000000 [39m
[32m2026-08-17 11:32:31 [info]: [Player] audio device applied: asio:{F0918C00-B056-4087-88DF-817F245868B2} (128ch bus) [39m
[33m2026-08-17 11:32:32 [warn]: Unknown status type: repeat [39m
[0mGET /api/status [32m200[0m 2.300 ms - 4005[0m
[0mPOST /api/sources [32m201[0m 5.423 ms - 415[0m
[0mPOST /api/sources [32m201[0m 2.236 ms - 381[0m
[0mGET /api/sources [32m200[0m 0.879 ms - 849[0m
[0mGET / [32m200[0m 26.297 ms - 876[0m
[34m2026-08-17 11:33:00 [debug]: Client disconnected: plmIcaFEV2f2RRYoAAAB [39m
[0mGET /assets/index-CV8QM27o.css [32m200[0m 9.280 ms - 205517[0m
[0mGET /assets/index-NFIGShwh.js [32m200[0m 57.100 ms - 256275[0m
[0mGET /assets/vue-i18n-BLgrMwna.js [32m200[0m 42.293 ms - 58980[0m
[0mGET /assets/axios-BEe6PBgi.js [32m200[0m 39.410 ms - 333[0m
[0mGET /assets/i18n-blS3P1Qs.js [32m200[0m 43.579 ms - 43889[0m
[0mGET /assets/KFOMCnqEu92Fr1ME7kSn66aGLdTylUAMQXC89YmC2DPNWubEbVmUiAw-3fZ6d7DD.woff [32m200[0m 16.511 ms - 25192[0m
[0mGET /assets/index-xsH4HHeE.js [32m200[0m 57.195 ms - 35205[0m
[0mGET /assets/socketio-DCN3XwIN.js [32m200[0m 73.991 ms - 42965[0m
[0mGET /assets/useStatus-Bc2FSabp.js [32m200[0m 76.918 ms - 3330[0m
[0mGET /assets/useApi-DREOZOwa.js [32m200[0m 37.644 ms - 766[0m
[0mGET /assets/theme-CW1L8yD7.js [32m200[0m 23.153 ms - 126[0m
[0mGET /assets/useTheme-CRE7D1eS.js [32m200[0m 25.805 ms - 321[0m
[0mGET /favicon.ico [32m200[0m 14.418 ms - 32012[0m
[0mGET /assets/use-quasar-DKzo35GG.js [32m200[0m 50.142 ms - 84[0m
[0mGET /assets/_plugin-vue_export-helper-CtqkMfjB.js [32m200[0m 14.508 ms - 2473[0m
[0mGET /assets/format-D4RUOlSv.js [32m200[0m 19.126 ms - 4318[0m
[0mGET /assets/MainLayout-RuUS9ja3.js [32m200[0m 19.823 ms - 28053[0m
[0mGET /assets/rtl-Dx3PjLUE.js [32m200[0m 19.852 ms - 11472[0m
[0mGET /assets/MainLayout-BPy1LimP.css [32m200[0m 1.392 ms - 1435[0m
[0mGET /assets/TransportBar-k2H1NgAX.css [32m200[0m 12.546 ms - 399[0m
[0mGET /assets/SourcesPage-CUuF0IZB.css [32m200[0m 31.988 ms - 91[0m
[0mGET /assets/QList-CGXXgNmw.js [32m200[0m 53.645 ms - 608[0m
[0mGET /assets/use-dialog-plugin-component-CrOkbwTc.js [32m200[0m 51.573 ms - 443[0m
[0mGET /assets/confirmDialog-CftPNVLl.js [32m200[0m 54.283 ms - 10627[0m
[0mGET /assets/touch-BjYP5sR0.js [32m200[0m 22.837 ms - 667[0m
[0mGET /assets/QTabs-Bks69HUj.js [32m200[0m 85.346 ms - 12915[0m
[0mGET /assets/TransportBar-iZgUr2Bh.js [32m200[0m 81.791 ms - 8297[0m
[0mGET /assets/DelayedTooltip-aytzsiX0.js [32m200[0m 57.082 ms - 424[0m
[0mGET /assets/usePlayback-ZMwZbFKu.js [32m200[0m 44.593 ms - 4685[0m
[0mGET /assets/usePlaylist-DqR6p5g3.js [32m200[0m 53.340 ms - 15872[0m
[0mGET /assets/SourcesPage-BilY6N3L.js [32m200[0m 51.761 ms - 8719[0m
[0mGET /assets/QItemLabel-__QoG6Nq.js [32m200[0m 43.965 ms - 668[0m
[34m2026-08-17 11:33:00 [debug]: Client connected: A2qMh0g8EzhKCORlAAAD [39m
[0mGET /assets/useSources-gxtuuexd.js [32m200[0m 22.739 ms - 646[0m
[0mGET /assets/QChip-DTFjmync.js [32m200[0m 32.289 ms - 2692[0m
[0mGET /assets/QForm--DAmJYj-.js [32m200[0m 34.317 ms - 2250[0m
[0mGET /assets/QSelect-T20JMNIU.js [32m200[0m 71.221 ms - 28464[0m
[0mGET /icons.svg [36m304[0m 0.527 ms - -[0m
[0mGET /api/sources [36m304[0m 0.702 ms - -[0m
[0mGET /assets/KFOMCnqEu92Fr1ME7kSn66aGLdTylUAMQXC89YmC2DPNWuYjalmUiAw-BepdiOnY.woff [32m200[0m 5.926 ms - 25552[0m
[0mGET /assets/flUhRq6tzZclQEJ-Vdg-IuiaDsNcIhQ8tQ-D-x-0Q06.woff2 [32m200[0m 6.284 ms - 128616[0m
[0mGET /assets/KFOMCnqEu92Fr1ME7kSn66aGLdTylUAMQXC89YmC2DPNWub2bVmUiAw-CHKg1YId.woff [32m200[0m 10.087 ms - 25396[0m
[0mGET /assets/useFiles-i26J4kb2.js [32m200[0m 21.796 ms - 2112[0m
[0mGET /assets/deleteFile-CvMIOlMj.js [32m200[0m 22.413 ms - 16608[0m
[0mGET /assets/FilesPage-ChoQ07zX.js [32m200[0m 23.034 ms - 62752[0m
[0mGET /assets/QSlideTransition-BJAxP3Vi.js [32m200[0m 38.910 ms - 1333[0m
[0mGET /assets/QBadge-DkYG8_sZ.js [32m200[0m 39.078 ms - 923[0m
[0mGET /assets/FilesPage-j_uu91dU.css [32m200[0m 24.902 ms - 1731[0m
[0mGET /assets/QMarkupTable-Z_Z1MOYR.js [32m200[0m 47.453 ms - 811[0m
[0mGET /api/folders [32m200[0m 16.268 ms - 138[0m
[0mGET /api/files [32m200[0m 26.484 ms - 147253[0m
[0mGET /api/files/thumbnail/2b977aae-9055-41e4-b134-8e34af827db7 [32m200[0m 3.830 ms - 123541[0m
[0mGET /api/files/thumbnail/7327ae6a-230f-43a5-bbc8-314cc0cf385a [32m200[0m 3.890 ms - 106329[0m
[0mGET /api/files/thumbnail/b7b9a649-e9b9-40bd-a698-212291afb0d2 [32m200[0m 4.834 ms - 48906[0m
[0mGET /api/files/thumbnail/6ccc8817-8fc9-4fb6-8901-205a33fb9ac9 [32m200[0m 4.431 ms - 95584[0m
[0mGET /api/files/thumbnail/6aa26f1a-11c1-469a-8239-113d0fc45884 [32m200[0m 3.930 ms - 133023[0m
[0mGET /api/files/thumbnail/4302a862-2015-43d2-8f37-a2bd34e0642f [32m200[0m 2.504 ms - 89161[0m
[0mGET /api/files/thumbnail/a07d9516-de81-4fb6-8fa0-354ef8afd389 [32m200[0m 2.595 ms - 68244[0m
[0mGET /api/files/thumbnail/a49d7c2b-48bb-4c4f-a39c-a43294b17341 [32m200[0m 4.373 ms - 124016[0m
[0mGET /api/files/thumbnail/0bca07d2-db37-49e2-8380-46f22e574267 [32m200[0m 4.155 ms - 108315[0m
[0mGET /api/files/thumbnail/103b5718-1096-44d1-a67b-a9577a083125 [32m200[0m 2.779 ms - 8917[0m
[0mGET /assets/NanumGothic-Regular-DZXllXnW.woff2 [32m200[0m 16.779 ms - 696072[0m
[0mGET / [32m200[0m 22.286 ms - 876[0m
[34m2026-08-17 12:53:48 [debug]: Client disconnected: A2qMh0g8EzhKCORlAAAD [39m
[0mGET /assets/index-CV8QM27o.css [32m200[0m 16.307 ms - 205517[0m
[0mGET /assets/index-CJ2gzHb7.js [32m200[0m 117.160 ms - 256313[0m
[0mGET /assets/axios-Dec96PwF.js [32m200[0m 29.975 ms - 333[0m
[0mGET /assets/index-xsH4HHeE.js [32m200[0m 30.242 ms - 35205[0m
[0mGET /assets/socketio-AveecOcL.js [32m200[0m 30.390 ms - 42965[0m
[0mGET /assets/i18n-ewHoq32t.js [32m200[0m 51.855 ms - 43889[0m
[0mGET /assets/KFOMCnqEu92Fr1ME7kSn66aGLdTylUAMQXC89YmC2DPNWubEbVmUiAw-3fZ6d7DD.woff [32m200[0m 37.706 ms - 25192[0m
[0mGET /assets/vue-i18n-D3a9ryWD.js [32m200[0m 70.160 ms - 58980[0m
[0mGET /assets/useStatus-BMpKQZuU.js [32m200[0m 71.740 ms - 3330[0m
[0mGET /assets/use-quasar-BRryd0JS.js [32m200[0m 46.704 ms - 84[0m
[0mGET /assets/useApi-Br8hkYrq.js [32m200[0m 48.309 ms - 766[0m
[0mGET /assets/theme-CGEIqFTb.js [32m200[0m 35.333 ms - 126[0m
[0mGET /favicon.ico [32m200[0m 14.599 ms - 32012[0m
[0mGET /assets/useTheme-DwfYatEg.js [32m200[0m 25.248 ms - 321[0m
[0mGET /assets/format-Cg7INmYt.js [32m200[0m 15.425 ms - 4318[0m
[0mGET /assets/MainLayout-D73IAT51.js [32m200[0m 42.141 ms - 28053[0m
[0mGET /assets/_plugin-vue_export-helper-XuALz942.js [32m200[0m 42.252 ms - 2473[0m
[0mGET /assets/QList-D3FX67rv.js [32m200[0m 49.331 ms - 608[0m
[0mGET /assets/TransportBar-k2H1NgAX.css [32m200[0m 37.220 ms - 399[0m
[0mGET /assets/rtl-Dyc3Ou7x.js [32m200[0m 53.817 ms - 11472[0m
[0mGET /assets/FilesPage-j_uu91dU.css [32m200[0m 14.567 ms - 1731[0m
[0mGET /assets/MainLayout-BPy1LimP.css [32m200[0m 25.775 ms - 1435[0m
[0mGET /assets/confirmDialog-DkBA8_j0.js [32m200[0m 17.528 ms - 10627[0m
[0mGET /assets/QTabs-DgZWx-9o.js [32m200[0m 78.109 ms - 12915[0m
[0mGET /assets/touch-BjYP5sR0.js [32m200[0m 49.004 ms - 667[0m
[0mGET /assets/use-dialog-plugin-component-BuW1JCO1.js [32m200[0m 49.169 ms - 443[0m
[0mGET /assets/DelayedTooltip-BzjZyUIv.js [32m200[0m 39.461 ms - 424[0m
[0mGET /assets/TransportBar-C_uHlg_1.js [32m200[0m 70.338 ms - 8297[0m
[0mGET /assets/FilesPage-Bfshf75r.js [32m200[0m 25.768 ms - 62681[0m
[0mGET /assets/QItemLabel-c1edJFqf.js [32m200[0m 31.491 ms - 668[0m
[0mGET /assets/usePlaylist-D44S9fZr.js [32m200[0m 85.104 ms - 15872[0m
[0mGET /assets/QForm-SuZ6TRZb.js [32m200[0m 23.813 ms - 2250[0m
[0mGET /assets/usePlayback-2c6w36D2.js [32m200[0m 76.429 ms - 4685[0m
[0mGET /assets/PageHeader-DQtAmiD7.js [32m200[0m 25.770 ms - 814[0m
[0mGET /assets/QMarkupTable-DJxQpwMY.js [32m200[0m 17.469 ms - 811[0m
[0mGET /assets/deleteFile-Df2uCked.js [32m200[0m 68.931 ms - 16608[0m
[34m2026-08-17 12:53:48 [debug]: Client connected: lapMYH3K0SsBrFTCAAAF [39m
[0mGET /assets/useFiles-BhiMD6oi.js [32m200[0m 35.460 ms - 2112[0m
[0mGET /assets/QSlideTransition-OlJcsTms.js [32m200[0m 33.721 ms - 1333[0m
[0mGET /assets/QChip-BljG57hf.js [32m200[0m 36.578 ms - 2692[0m
[0mGET /assets/QBadge-DRqpsNIm.js [32m200[0m 18.216 ms - 923[0m
[0mGET /assets/QSelect-DqHFbKky.js [32m200[0m 40.031 ms - 28464[0m
[0mGET /icons.svg [36m304[0m 0.400 ms - -[0m
[0mGET /assets/KFOMCnqEu92Fr1ME7kSn66aGLdTylUAMQXC89YmC2DPNWub2bVmUiAw-CHKg1YId.woff [32m200[0m 5.537 ms - 25396[0m
[0mGET /assets/flUhRq6tzZclQEJ-Vdg-IuiaDsNcIhQ8tQ-D-x-0Q06.woff2 [32m200[0m 5.390 ms - 128616[0m
[0mGET /assets/KFOMCnqEu92Fr1ME7kSn66aGLdTylUAMQXC89YmC2DPNWuYjalmUiAw-BepdiOnY.woff [32m200[0m 6.632 ms - 25552[0m
[0mGET /api/files [36m304[0m 2.303 ms - -[0m
[0mGET /api/folders [36m304[0m 0.469 ms - -[0m
[0mGET /api/files/thumbnail/2b977aae-9055-41e4-b134-8e34af827db7 [36m304[0m 0.509 ms - -[0m
[0mGET /api/files/thumbnail/7327ae6a-230f-43a5-bbc8-314cc0cf385a [36m304[0m 0.590 ms - -[0m
[0mGET /api/files/thumbnail/6aa26f1a-11c1-469a-8239-113d0fc45884 [36m304[0m 0.562 ms - -[0m
[0mGET /api/files/thumbnail/6ccc8817-8fc9-4fb6-8901-205a33fb9ac9 [36m304[0m 0.389 ms - -[0m
[0mGET /api/files/thumbnail/b7b9a649-e9b9-40bd-a698-212291afb0d2 [36m304[0m 0.442 ms - -[0m
[0mGET /api/files/thumbnail/4302a862-2015-43d2-8f37-a2bd34e0642f [36m304[0m 0.475 ms - -[0m
[0mGET /api/files/thumbnail/a07d9516-de81-4fb6-8fa0-354ef8afd389 [36m304[0m 0.421 ms - -[0m
[0mGET /api/files/thumbnail/103b5718-1096-44d1-a67b-a9577a083125 [36m304[0m 0.331 ms - -[0m
[0mGET /api/files/thumbnail/0bca07d2-db37-49e2-8380-46f22e574267 [36m304[0m 0.363 ms - -[0m
[0mGET /api/files/thumbnail/a49d7c2b-48bb-4c4f-a39c-a43294b17341 [36m304[0m 0.531 ms - -[0m
[0mGET /assets/NanumGothic-Regular-DZXllXnW.woff2 [32m200[0m 11.159 ms - 696072[0m
[0mGET /assets/FleetPage-CQkDY5Ek.css [32m200[0m 6.513 ms - 93[0m
[0mGET /assets/QPage-CaWdmppE.js [32m200[0m 12.678 ms - 895[0m
[0mGET /assets/FleetPage-EVL_uUzo.js [32m200[0m 16.098 ms - 13131[0m
[0mPOST /api/fleet/refresh [32m200[0m 0.533 ms - 11[0m
[0mGET /assets/PreloadBadge-D4NogXd_.js [32m200[0m 10.881 ms - 914[0m
[0mGET /assets/usePresets-mq0glkBc.js [32m200[0m 30.294 ms - 5812[0m
[0mGET /assets/usePresets-QOV-v1gM.css [32m200[0m 28.729 ms - 1384[0m
[0mGET /assets/audioDevice-CN6qpF_l.css [32m200[0m 31.118 ms - 198[0m
[0mGET /assets/IndexPage-DxIX28dr.js [32m200[0m 48.250 ms - 9843[0m
[0mGET /assets/IndexPage-DDmQXrmI.css [32m200[0m 37.780 ms - 595[0m
[0mGET /assets/audioDevice-DdDJg0dw.js [32m200[0m 55.575 ms - 4783[0m
[32m2026-08-17 17:12:35 [info]: Command sent to player: {"command":"get_audio_devices"} [39m
[0mGET /api/player/audio_devices [36m304[0m 1.173 ms - -[0m
[0mGET /api/player/presets [36m304[0m 2.071 ms - -[0m
[34m2026-08-17 17:12:35 [debug]: TCP response broadcasted to 0 clients: {"timestamp":"2026-08-17T08:12:35.350Z","success":true,"command":"event","message":"Event: audioDevicesUpdated","data":{"eventType":"audioDevicesUpdated","count":6}} [39m
[32m2026-08-17 17:12:35 [info]: Audio devices updated: 6 devices [39m
[32m2026-08-17 17:12:35 [info]: Setting audio device to: asio:{F0918C00-B056-4087-88DF-817F245868B2} [39m
[32m2026-08-17 17:12:35 [info]: Command sent to player: {"command":"set_audio_device","device_id":"asio:{F0918C00-B056-4087-88DF-817F245868B2}"} [39m
[0mGET /api/playlist [36m304[0m 38.840 ms - -[0m
[0mGET /api/files [36m304[0m 2.457 ms - -[0m
[0mGET /api/folders [36m304[0m 2.600 ms - -[0m
[0mPOST /api/fleet/refresh [32m200[0m 0.263 ms - 11[0m
[0mGET /api/files [36m304[0m 3.226 ms - -[0m
[0mGET /api/folders [36m304[0m 3.593 ms - -[0m
[0mPOST /api/fleet/refresh [32m200[0m 0.196 ms - 11[0m
[32m2026-08-17 17:13:14 [info]: Command sent to player: {"command":"get_audio_devices"} [39m
[0mGET /api/player/audio_devices [36m304[0m 0.566 ms - -[0m
[0mGET /api/player/presets [36m304[0m 1.016 ms - -[0m
[34m2026-08-17 17:13:14 [debug]: TCP response broadcasted to 0 clients: {"timestamp":"2026-08-17T08:13:14.045Z","success":true,"command":"event","message":"Event: audioDevicesUpdated","data":{"eventType":"audioDevicesUpdated","count":6}} [39m
[32m2026-08-17 17:13:14 [info]: Audio devices updated: 6 devices [39m
[32m2026-08-17 17:13:14 [info]: Setting audio device to: asio:{F0918C00-B056-4087-88DF-817F245868B2} [39m
[32m2026-08-17 17:13:14 [info]: Command sent to player: {"command":"set_audio_device","device_id":"asio:{F0918C00-B056-4087-88DF-817F245868B2}"} [39m
[0mGET /assets/useSources-WFagNY9C.js [32m200[0m 12.929 ms - 646[0m
[0mGET /assets/SourcesPage-CoU0uxqd.js [32m200[0m 15.135 ms - 8084[0m
[0mGET /assets/SourcesPage-CUuF0IZB.css [32m200[0m 17.731 ms - 91[0m
[0mGET /api/sources [36m304[0m 1.098 ms - -[0m
[0mGET /assets/PlaylistPage-DsVGaRZB.css [32m200[0m 7.190 ms - 5137[0m
[0mGET /assets/PlaylistPage-B92E_2iH.js [32m200[0m 71.366 ms - 220358[0m
[0mGET /api/playlist [36m304[0m 1.168 ms - -[0m
[0mPUT /api/playlist/select [32m200[0m 3.442 ms - 26244[0m
[0mGET /api/files/thumbnail/73c09436-9c0a-4573-8648-7e44a07a4b6a [32m200[0m 3.588 ms - 56815[0m
[0mGET /api/files/thumbnail/3f59623c-9089-46eb-bdde-b9cf89f05ac2 [32m200[0m 3.366 ms - 133023[0m
[32m2026-08-17 17:13:30 [info]: Command sent to player: {"command":"get_audio_devices"} [39m
[0mGET /api/player/audio_devices [36m304[0m 0.615 ms - -[0m
[0mGET /api/player/presets [36m304[0m 1.359 ms - -[0m
[34m2026-08-17 17:13:30 [debug]: TCP response broadcasted to 0 clients: {"timestamp":"2026-08-17T08:13:30.326Z","success":true,"command":"event","message":"Event: audioDevicesUpdated","data":{"eventType":"audioDevicesUpdated","count":6}} [39m
[32m2026-08-17 17:13:30 [info]: Audio devices updated: 6 devices [39m
[32m2026-08-17 17:13:30 [info]: Setting audio device to: asio:{F0918C00-B056-4087-88DF-817F245868B2} [39m
[32m2026-08-17 17:13:30 [info]: Command sent to player: {"command":"set_audio_device","device_id":"asio:{F0918C00-B056-4087-88DF-817F245868B2}"} [39m
[32m2026-08-17 17:13:34 [info]: Command sent to player: {"command":"destroy_window","window_id":1} [39m
[32m2026-08-17 17:13:34 [info]: Command sent to player: {"command":"destroy_window","window_id":2} [39m
[32m2026-08-17 17:13:34 [info]: Command sent to player: {"command":"create_window","window_id":1,"monitor_index":1,"x":6,"y":22,"width":3070,"height":1706,"aspect_mode":"letterbox","z_order":0} [39m
[32m2026-08-17 17:13:34 [info]: Command sent to player: {"command":"background_color","window_id":1,"color":"#000000"} [39m
[32m2026-08-17 17:13:34 [info]: Command sent to player: {"command":"create_window","window_id":2,"monitor_index":1,"x":1920,"y":1080,"width":1920,"height":1080,"aspect_mode":"letterbox","z_order":0} [39m
[32m2026-08-17 17:13:34 [info]: Command sent to player: {"command":"background_color","window_id":2,"color":"#000000"} [39m
[32m2026-08-17 17:13:34 [info]: Command sent to player: {"command":"get_windows"} [39m
[32m2026-08-17 17:13:34 [info]: Window preset applied: 1 (default) — 2 windows [39m
[0mPOST /api/player/presets/1/apply [32m200[0m 3.599 ms - 375[0m
[0mGET /api/playlist [36m304[0m 1.877 ms - -[0m
[0mPUT /api/playlist/select [32m200[0m 1.196 ms - 26244[0m
[0mGET / [32m200[0m 32.356 ms - 876[0m
[34m2026-08-17 17:18:57 [debug]: Client disconnected: lapMYH3K0SsBrFTCAAAF [39m
[0mGET /assets/index-CV8QM27o.css [32m200[0m 15.333 ms - 205517[0m
[0mGET /assets/index-BR2vzpIo.js [32m200[0m 85.413 ms - 256328[0m
[0mGET /assets/axios-Cn6lFmz9.js [32m200[0m 37.840 ms - 333[0m
[0mGET /assets/vue-i18n-Ck_D1HY4.js [32m200[0m 38.687 ms - 58980[0m
[0mGET /assets/socketio-CqFHRmH6.js [32m200[0m 36.854 ms - 42965[0m
[0mGET /assets/i18n-BPvyhA6z.js [32m200[0m 50.060 ms - 43889[0m
[0mGET /assets/KFOMCnqEu92Fr1ME7kSn66aGLdTylUAMQXC89YmC2DPNWubEbVmUiAw-3fZ6d7DD.woff [32m200[0m 30.056 ms - 25192[0m
[0mGET /assets/use-quasar-k5fqAt9-.js [32m200[0m 29.710 ms - 84[0m
[0mGET /assets/useStatus-GjvFTnuK.js [32m200[0m 68.800 ms - 3330[0m
[0mGET /assets/index-xsH4HHeE.js [32m200[0m 76.886 ms - 35205[0m
[0mGET /assets/useApi-DbMqOYVt.js [32m200[0m 39.126 ms - 766[0m
[0mGET /favicon.ico [32m200[0m 20.624 ms - 32012[0m
[0mGET /assets/theme-B3RVmRMG.js [32m200[0m 44.969 ms - 126[0m
[0mGET /assets/useTheme-C8i7TeLe.js [32m200[0m 39.468 ms - 321[0m
[0mGET /assets/_plugin-vue_export-helper-BJJLigxM.js [32m200[0m 54.447 ms - 2557[0m
[0mGET /assets/QList-8KlWbiTG.js [32m200[0m 53.453 ms - 608[0m
[0mGET /assets/MainLayout-5XmPJGay.js [32m200[0m 55.751 ms - 28053[0m
[0mGET /assets/rtl-DQlvP6QU.js [32m200[0m 55.845 ms - 11472[0m
[0mGET /assets/TransportBar-k2H1NgAX.css [32m200[0m 2.297 ms - 399[0m
[0mGET /assets/format-DJbZfEs2.js [32m200[0m 57.060 ms - 4232[0m
[0mGET /assets/PlaylistPage-DsVGaRZB.css [32m200[0m 1.674 ms - 5137[0m
[0mGET /assets/MainLayout-BPy1LimP.css [32m200[0m 35.971 ms - 1435[0m
[0mGET /assets/QTabs-BiOoe4He.js [32m200[0m 91.035 ms - 12915[0m
[0mGET /assets/use-dialog-plugin-component-DkfeRv3R.js [32m200[0m 38.381 ms - 443[0m
[0mGET /assets/touch-BjYP5sR0.js [32m200[0m 21.529 ms - 667[0m
[0mGET /assets/TransportBar-CTvq119l.js [32m200[0m 55.573 ms - 8297[0m
[0mGET /assets/confirmDialog-mk_Kxwan.js [32m200[0m 60.139 ms - 10646[0m
[0mGET /assets/DelayedTooltip-BXZtMWGn.js [32m200[0m 98.778 ms - 424[0m
[0mGET /assets/usePlaylist-BRdLE6mT.js [32m200[0m 65.717 ms - 15872[0m
[0mGET /assets/usePlayback-BludvIJq.js [32m200[0m 60.461 ms - 4685[0m
[0mGET /assets/QPage-BbQTJLXE.js [32m200[0m 48.345 ms - 895[0m
[0mGET /assets/PageHeader-B_NvZwBt.js [32m200[0m 57.343 ms - 833[0m
[0mGET /assets/QBadge-ByNv0LjP.js [32m200[0m 16.454 ms - 923[0m
[0mGET /assets/QItemLabel-Cpffhgv5.js [32m200[0m 18.332 ms - 668[0m
[34m2026-08-17 17:18:57 [debug]: Client connected: nEJfP6R2f78zEsSDAAAH [39m
[0mGET /assets/PreloadBadge-Dj4ild_8.js [32m200[0m 17.299 ms - 914[0m
[0mGET /assets/QChip-Bxh3RMi7.js [32m200[0m 46.820 ms - 2692[0m
[0mGET /assets/QSelect-ryMwYBLV.js [32m200[0m 50.973 ms - 28464[0m
[0mGET /assets/useFiles-CHke1hGQ.js [32m200[0m 38.853 ms - 2112[0m
[0mGET /assets/QForm-ChqxkpPk.js [32m200[0m 41.032 ms - 2250[0m
[0mGET /assets/PlaylistPage-BHROyLMn.js [32m200[0m 114.509 ms - 220407[0m
[0mGET /icons.svg [36m304[0m 0.355 ms - -[0m
[0mGET /assets/KFOMCnqEu92Fr1ME7kSn66aGLdTylUAMQXC89YmC2DPNWub2bVmUiAw-CHKg1YId.woff [32m200[0m 6.174 ms - 25396[0m
[0mGET /assets/flUhRq6tzZclQEJ-Vdg-IuiaDsNcIhQ8tQ-D-x-0Q06.woff2 [32m200[0m 6.745 ms - 128616[0m
[0mGET /assets/KFOMCnqEu92Fr1ME7kSn66aGLdTylUAMQXC89YmC2DPNWuYjalmUiAw-BepdiOnY.woff [32m200[0m 7.560 ms - 25552[0m
[0mGET /api/playlist [36m304[0m 1.803 ms - -[0m
[0mPUT /api/playlist/select [32m200[0m 0.999 ms - 26244[0m
[0mGET /api/files/thumbnail/a07d9516-de81-4fb6-8fa0-354ef8afd389 [36m304[0m 1.153 ms - -[0m
[0mGET /api/files/thumbnail/a49d7c2b-48bb-4c4f-a39c-a43294b17341 [36m304[0m 1.487 ms - -[0m
[0mGET /assets/IndexPage-DjoiExNB.js [33m404[0m 1.031 ms - 167[0m
[0mGET /assets/usePresets-DzCzZaRv.js [33m404[0m 0.400 ms - 168[0m
[0mGET /assets/audioDevice-yZewuGu_.js [33m404[0m 0.497 ms - 169[0m
[0mGET /assets/usePresets-QOV-v1gM.css [32m200[0m 1.918 ms - 1384[0m
[0mGET /assets/audioDevice-CN6qpF_l.css [32m200[0m 2.430 ms - 198[0m
[0mGET /assets/IndexPage-D4xI7vKR.css [32m200[0m 23.676 ms - 595[0m
[0mGET / [32m200[0m 29.055 ms - 876[0m
[34m2026-08-17 17:23:12 [debug]: Client disconnected: nEJfP6R2f78zEsSDAAAH [39m
[0mGET /assets/index-CV8QM27o.css [32m200[0m 7.076 ms - 205517[0m
[0mGET /assets/index-CjmosfVq.js [32m200[0m 53.199 ms - 256328[0m
[0mGET /assets/axios-CpWQa7MO.js [32m200[0m 11.334 ms - 333[0m
[0mGET /assets/vue-i18n-DCb6DD34.js [32m200[0m 21.025 ms - 58980[0m
[0mGET /assets/index-xsH4HHeE.js [32m200[0m 21.023 ms - 35205[0m
[0mGET /assets/i18n-CAvnVKpB.js [32m200[0m 30.726 ms - 43889[0m
[0mGET /assets/KFOMCnqEu92Fr1ME7kSn66aGLdTylUAMQXC89YmC2DPNWubEbVmUiAw-3fZ6d7DD.woff [32m200[0m 27.657 ms - 25192[0m
[0mGET /assets/useApi-jApHMjQQ.js [32m200[0m 18.739 ms - 766[0m
[0mGET /assets/use-quasar-CqVsxyAs.js [32m200[0m 18.896 ms - 84[0m
[0mGET /assets/useStatus-Bm7E9Ded.js [32m200[0m 46.370 ms - 3330[0m
[0mGET /assets/socketio-DokrrggD.js [32m200[0m 56.298 ms - 42965[0m
[0mGET /assets/theme-CDhaq_Ka.js [32m200[0m 36.663 ms - 126[0m
[0mGET /favicon.ico [32m200[0m 26.024 ms - 32012[0m
[0mGET /assets/useTheme-DguRcY9G.js [32m200[0m 37.996 ms - 321[0m
[0mGET /assets/rtl-BOJUDCWD.js [32m200[0m 16.883 ms - 11472[0m
[0mGET /assets/MainLayout-zWbE9JHT.js [32m200[0m 17.753 ms - 28053[0m
[0mGET /assets/QList-KeZfF2Ft.js [32m200[0m 42.076 ms - 608[0m
[0mGET /assets/_plugin-vue_export-helper-B0QQr_FS.js [32m200[0m 44.447 ms - 2557[0m
[0mGET /assets/usePresets-QOV-v1gM.css [36m304[0m 0.929 ms - -[0m
[0mGET /assets/MainLayout-BPy1LimP.css [32m200[0m 26.430 ms - 1435[0m
[0mGET /assets/TransportBar-k2H1NgAX.css [32m200[0m 27.131 ms - 399[0m
[0mGET /assets/audioDevice-CN6qpF_l.css [36m304[0m 0.572 ms - -[0m
[0mGET /assets/IndexPage-D4xI7vKR.css [36m304[0m 0.570 ms - -[0m
[0mGET /assets/touch-BjYP5sR0.js [32m200[0m 23.498 ms - 667[0m
[0mGET /assets/confirmDialog-BoqY-5v8.js [32m200[0m 24.110 ms - 10646[0m
[0mGET /assets/format-EwtnhK4u.js [32m200[0m 71.647 ms - 4232[0m
[0mGET /assets/use-dialog-plugin-component-rkv_iZE9.js [32m200[0m 45.499 ms - 443[0m
[0mGET /assets/QTabs-sMsd72KQ.js [32m200[0m 104.197 ms - 12915[0m
[0mGET /assets/DelayedTooltip-DPGyD6f6.js [32m200[0m 32.838 ms - 424[0m
[0mGET /assets/usePlayback-C8_lXvUq.js [32m200[0m 33.949 ms - 4685[0m
[0mGET /assets/usePlaylist-CjxmxKfm.js [32m200[0m 36.526 ms - 15872[0m
[0mGET /assets/TransportBar-CULzkCre.js [32m200[0m 62.727 ms - 8297[0m
[0mGET /assets/QPage-LGTh8cln.js [32m200[0m 12.265 ms - 895[0m
[0mGET /assets/IndexPage-C4vrTXN2.js [32m200[0m 38.738 ms - 9911[0m
[0mGET /assets/PageHeader-BesnoAff.js [32m200[0m 26.767 ms - 833[0m
[0mGET /assets/QItemLabel-DHX2L95l.js [32m200[0m 34.738 ms - 668[0m
[0mGET /assets/QBadge-caEviCQL.js [32m200[0m 62.858 ms - 923[0m
[0mGET /assets/PreloadBadge-Cya6gi-A.js [32m200[0m 39.296 ms - 914[0m
[34m2026-08-17 17:23:12 [debug]: Client connected: C5vBvN7yQFJ01mrvAAAJ [39m
[0mGET /assets/QChip-DzmJI2Xk.js [32m200[0m 58.412 ms - 2692[0m
[0mGET /assets/QSelect-BOh0tW7n.js [32m200[0m 72.614 ms - 28464[0m
[0mGET /assets/usePresets-KFOywbHW.js [32m200[0m 56.853 ms - 5812[0m
[0mGET /assets/audioDevice-CKqTSyUl.js [32m200[0m 55.117 ms - 4783[0m
[0mGET /icons.svg [36m304[0m 0.875 ms - -[0m
[0mGET /assets/KFOMCnqEu92Fr1ME7kSn66aGLdTylUAMQXC89YmC2DPNWuYjalmUiAw-BepdiOnY.woff [32m200[0m 9.882 ms - 25552[0m
[0mGET /assets/KFOMCnqEu92Fr1ME7kSn66aGLdTylUAMQXC89YmC2DPNWub2bVmUiAw-CHKg1YId.woff [32m200[0m 9.790 ms - 25396[0m
[0mGET /api/playlist [36m304[0m 1.875 ms - -[0m
[0mGET /assets/flUhRq6tzZclQEJ-Vdg-IuiaDsNcIhQ8tQ-D-x-0Q06.woff2 [32m200[0m 24.571 ms - 128616[0m
[32m2026-08-17 17:23:12 [info]: Command sent to player: {"command":"get_audio_devices"} [39m
[0mGET /api/player/audio_devices [36m304[0m 1.412 ms - -[0m
[0mGET /api/player/presets [36m304[0m 1.196 ms - -[0m
[0mGET /assets/SettingsPage-DRuZVqmx.js [33m404[0m 0.431 ms - 170[0m
[0mGET /assets/QTabPanels-s__aoSLQ.js [33m404[0m 0.290 ms - 168[0m
[0mGET /assets/deleteFile-CiVnynNO.js [33m404[0m 0.435 ms - 168[0m
[0mGET /assets/SettingsPage-DG_AGZaY.css [32m200[0m 26.750 ms - 2290[0m
[0mGET / [32m200[0m 29.657 ms - 876[0m
[34m2026-08-17 17:27:48 [debug]: Client disconnected: C5vBvN7yQFJ01mrvAAAJ [39m
[0mGET /assets/index-CV8QM27o.css [32m200[0m 28.556 ms - 205517[0m
[0mGET /assets/index-B8muRP55.js [32m200[0m 176.455 ms - 256328[0m
[0mGET /assets/vue-i18n-B3JJfP52.js [32m200[0m 39.075 ms - 58980[0m
[0mGET /assets/axios-BUPy4u-6.js [32m200[0m 37.934 ms - 333[0m
[0mGET /assets/socketio-CWgFuXu0.js [32m200[0m 37.825 ms - 42965[0m
[0mGET /assets/i18n-CqRH4-b1.js [32m200[0m 45.097 ms - 43889[0m
[0mGET /assets/useStatus-kOgmRoZw.js [32m200[0m 53.203 ms - 3330[0m
[0mGET /assets/KFOMCnqEu92Fr1ME7kSn66aGLdTylUAMQXC89YmC2DPNWubEbVmUiAw-3fZ6d7DD.woff [32m200[0m 15.156 ms - 25192[0m
[0mGET /assets/index-xsH4HHeE.js [32m200[0m 58.476 ms - 35205[0m
[0mGET /assets/useApi-BBPhemSN.js [32m200[0m 26.620 ms - 766[0m
[0mGET /assets/theme-CDvcnSN1.js [32m200[0m 24.429 ms - 126[0m
[0mGET /favicon.ico [32m200[0m 19.862 ms - 32012[0m
[0mGET /assets/useTheme-D8arKM7U.js [32m200[0m 28.816 ms - 321[0m
[0mGET /assets/use-quasar-Dltvz0M8.js [32m200[0m 44.074 ms - 84[0m
[0mGET /assets/_plugin-vue_export-helper-BBR7apEP.js [32m200[0m 18.988 ms - 2557[0m
[0mGET /assets/MainLayout-D5m11AMJ.js [32m200[0m 35.651 ms - 28053[0m
[0mGET /assets/QList-DpgHOC2s.js [32m200[0m 34.766 ms - 608[0m
[0mGET /assets/TransportBar-k2H1NgAX.css [32m200[0m 16.915 ms - 399[0m
[0mGET /assets/MainLayout-BPy1LimP.css [32m200[0m 2.032 ms - 1435[0m
[0mGET /assets/SettingsPage-DG_AGZaY.css [36m304[0m 0.343 ms - -[0m
[0mGET /assets/audioDevice-CN6qpF_l.css [32m200[0m 2.621 ms - 198[0m
[0mGET /assets/confirmDialog-CVdrJN72.js [32m200[0m 23.495 ms - 10646[0m
[0mGET /assets/rtl-eM_C8gU4.js [32m200[0m 64.268 ms - 11472[0m
[0mGET /assets/touch-BjYP5sR0.js [32m200[0m 22.146 ms - 667[0m
[0mGET /assets/format-BWkagZ60.js [32m200[0m 66.242 ms - 4232[0m
[0mGET /assets/QTabs-ChyuvrNo.js [32m200[0m 76.879 ms - 12915[0m
[0mGET /assets/TransportBar-DITGqFy-.js [32m200[0m 14.315 ms - 8297[0m
[0mGET /assets/DelayedTooltip-Bl64tyTV.js [32m200[0m 22.270 ms - 424[0m
[0mGET /assets/use-dialog-plugin-component-DdEp4fj4.js [32m200[0m 70.671 ms - 443[0m
[0mGET /assets/usePlayback-Bczq1Ryd.js [32m200[0m 43.043 ms - 4685[0m
[0mGET /assets/usePlaylist-BqIsOMHG.js [32m200[0m 45.662 ms - 15872[0m
[0mGET /assets/QPage-Dq-xkch7.js [32m200[0m 40.959 ms - 895[0m
[0mGET /assets/SettingsPage-dXNkft5r.js [32m200[0m 56.382 ms - 43029[0m
[0mGET /assets/PageHeader-CSb_3Uph.js [32m200[0m 47.590 ms - 833[0m
[0mGET /assets/QChip-DyuGusCT.js [32m200[0m 26.348 ms - 2692[0m
[0mGET /assets/QItemLabel-C-EwvmA3.js [32m200[0m 39.236 ms - 668[0m
[0mGET /assets/audioDevice-eVh92Xdi.js [32m200[0m 40.429 ms - 4783[0m
[34m2026-08-17 17:27:48 [debug]: Client connected: enSQrPomj96OjetNAAAL [39m
[0mGET /assets/QBadge-C-pwYG_V.js [32m200[0m 35.055 ms - 923[0m
[0mGET /assets/QSelect-D9P6TZmz.js [32m200[0m 93.397 ms - 28464[0m
[0mGET /assets/QTabPanels-DafMxpbJ.js [32m200[0m 68.559 ms - 7042[0m
[0mGET /assets/deleteFile-DGq_GGGb.js [32m200[0m 71.412 ms - 16608[0m
[0mGET /icons.svg [36m304[0m 0.300 ms - -[0m
[0mGET /assets/flUhRq6tzZclQEJ-Vdg-IuiaDsNcIhQ8tQ-D-x-0Q06.woff2 [32m200[0m 5.941 ms - 128616[0m
[0mGET /assets/KFOMCnqEu92Fr1ME7kSn66aGLdTylUAMQXC89YmC2DPNWuYjalmUiAw-BepdiOnY.woff [32m200[0m 6.776 ms - 25552[0m
[0mGET /assets/KFOMCnqEu92Fr1ME7kSn66aGLdTylUAMQXC89YmC2DPNWub2bVmUiAw-CHKg1YId.woff [32m200[0m 6.838 ms - 25396[0m
[0mGET /api/playlist [36m304[0m 1.263 ms - -[0m
[32m2026-08-17 17:27:49 [info]: Command sent to player: {"command":"get_audio_devices"} [39m
[0mGET /api/player/audio_devices [36m304[0m 0.338 ms - -[0m
[0mGET /assets/NanumGothic-Regular-DZXllXnW.woff2 [32m200[0m 18.555 ms - 696072[0m
[0mGET /assets/usePresets-_ZdRZC8B.css [32m200[0m 14.816 ms - 1384[0m
[0mGET /assets/LayoutsPage-DsJ9zFtX.js [32m200[0m 15.266 ms - 14029[0m
[0mGET /assets/usePresets-Cd7sxROl.js [32m200[0m 15.820 ms - 5812[0m
[0mGET /assets/LayoutsPage-CvOqpwur.css [32m200[0m 22.049 ms - 722[0m
[0mGET /assets/useSources-IK45pIZZ.js [32m200[0m 44.151 ms - 646[0m
[32m2026-08-17 17:29:29 [info]: Command sent to player: {"command":"get_displays"} [39m
[0mGET /api/player/displays [36m304[0m 0.897 ms - -[0m
[0mGET /api/sources [36m304[0m 1.429 ms - -[0m
[0mGET / [32m200[0m 0.629 ms - 876[0m
[34m2026-08-17 17:29:36 [debug]: Client disconnected: enSQrPomj96OjetNAAAL [39m
[0mGET /assets/index-CV8QM27o.css [32m200[0m 0.622 ms - 205517[0m
[0mGET /assets/index-B8muRP55.js [32m200[0m 0.587 ms - 256328[0m
[0mGET /assets/i18n-CqRH4-b1.js [32m200[0m 0.406 ms - 43889[0m
[0mGET /assets/vue-i18n-B3JJfP52.js [32m200[0m 0.415 ms - 58980[0m
[0mGET /assets/axios-BUPy4u-6.js [32m200[0m 0.515 ms - 333[0m
[0mGET /assets/KFOMCnqEu92Fr1ME7kSn66aGLdTylUAMQXC89YmC2DPNWubEbVmUiAw-3fZ6d7DD.woff [32m200[0m 0.871 ms - 25192[0m
[0mGET /assets/socketio-CWgFuXu0.js [32m200[0m 0.650 ms - 42965[0m
[0mGET /assets/index-xsH4HHeE.js [32m200[0m 1.002 ms - 35205[0m
[0mGET /assets/useStatus-kOgmRoZw.js [32m200[0m 0.744 ms - 3330[0m
[0mGET /assets/useApi-BBPhemSN.js [32m200[0m 0.994 ms - 766[0m
[0mGET /assets/use-quasar-Dltvz0M8.js [32m200[0m 1.107 ms - 84[0m
[0mGET /assets/theme-CDvcnSN1.js [32m200[0m 1.322 ms - 126[0m
[0mGET /assets/useTheme-D8arKM7U.js [32m200[0m 1.453 ms - 321[0m
[0mGET /favicon.ico [32m200[0m 1.397 ms - 32012[0m
[0mGET /assets/MainLayout-D5m11AMJ.js [36m304[0m 0.365 ms - -[0m
[0mGET /assets/_plugin-vue_export-helper-BBR7apEP.js [36m304[0m 0.544 ms - -[0m
[0mGET /assets/rtl-eM_C8gU4.js [36m304[0m 0.619 ms - -[0m
[0mGET /assets/QList-DpgHOC2s.js [36m304[0m 0.482 ms - -[0m
[0mGET /assets/format-BWkagZ60.js [36m304[0m 0.507 ms - -[0m
[0mGET /assets/QTabs-ChyuvrNo.js [36m304[0m 0.534 ms - -[0m
[0mGET /assets/confirmDialog-CVdrJN72.js [36m304[0m 0.587 ms - -[0m
[0mGET /assets/touch-BjYP5sR0.js [36m304[0m 0.412 ms - -[0m
[0mGET /assets/use-dialog-plugin-component-DdEp4fj4.js [36m304[0m 0.250 ms - -[0m
[0mGET /assets/TransportBar-DITGqFy-.js [36m304[0m 0.208 ms - -[0m
[0mGET /assets/DelayedTooltip-Bl64tyTV.js [36m304[0m 0.366 ms - -[0m
[0mGET /assets/usePlaylist-BqIsOMHG.js [36m304[0m 0.378 ms - -[0m
[0mGET /assets/usePlayback-Bczq1Ryd.js [36m304[0m 0.232 ms - -[0m
[34m2026-08-17 17:29:36 [debug]: Client connected: XS-Fg1zS8Q84dMhCAAAN [39m
[0mGET /assets/TransportBar-k2H1NgAX.css [36m304[0m 0.267 ms - -[0m
[0mGET /assets/MainLayout-BPy1LimP.css [36m304[0m 0.684 ms - -[0m
[0mGET /assets/LayoutsPage-DsJ9zFtX.js [36m304[0m 0.509 ms - -[0m
[0mGET /assets/QBadge-C-pwYG_V.js [36m304[0m 0.540 ms - -[0m
[0mGET /assets/QPage-Dq-xkch7.js [36m304[0m 1.289 ms - -[0m
[0mGET /assets/usePresets-Cd7sxROl.js [36m304[0m 0.844 ms - -[0m
[0mGET /assets/usePresets-_ZdRZC8B.css [36m304[0m 0.393 ms - -[0m
[0mGET /assets/LayoutsPage-CvOqpwur.css [36m304[0m 0.415 ms - -[0m
[0mGET /assets/QSelect-D9P6TZmz.js [36m304[0m 0.431 ms - -[0m
[0mGET /assets/QChip-DyuGusCT.js [36m304[0m 0.446 ms - -[0m
[0mGET /assets/QItemLabel-C-EwvmA3.js [36m304[0m 0.197 ms - -[0m
[0mGET /assets/QTabPanels-DafMxpbJ.js [36m304[0m 0.193 ms - -[0m
[0mGET /assets/useSources-IK45pIZZ.js [36m304[0m 0.118 ms - -[0m
[0mGET /icons.svg [36m304[0m 0.270 ms - -[0m
[0mGET /assets/KFOMCnqEu92Fr1ME7kSn66aGLdTylUAMQXC89YmC2DPNWuYjalmUiAw-BepdiOnY.woff [32m200[0m 0.989 ms - 25552[0m
[0mGET /assets/KFOMCnqEu92Fr1ME7kSn66aGLdTylUAMQXC89YmC2DPNWub2bVmUiAw-CHKg1YId.woff [32m200[0m 0.983 ms - 25396[0m
[0mGET /assets/flUhRq6tzZclQEJ-Vdg-IuiaDsNcIhQ8tQ-D-x-0Q06.woff2 [32m200[0m 1.416 ms - 128616[0m
[0mGET /assets/NanumGothic-Regular-DZXllXnW.woff2 [32m200[0m 1.038 ms - 696072[0m
[32m2026-08-17 17:29:36 [info]: Command sent to player: {"command":"get_displays"} [39m
[0mGET /api/player/displays [36m304[0m 0.483 ms - -[0m
[0mGET /api/sources [36m304[0m 0.672 ms - -[0m
[0mGET / [32m200[0m 15.699 ms - 876[0m
[34m2026-08-17 17:33:56 [debug]: Client disconnected: XS-Fg1zS8Q84dMhCAAAN [39m
[0mGET /assets/index-CV8QM27o.css [32m200[0m 7.760 ms - 205517[0m
[0mGET /assets/index-DWkeVtEu.js [32m200[0m 39.125 ms - 256328[0m
[0mGET /assets/axios-DYthqMv0.js [32m200[0m 19.904 ms - 333[0m
[0mGET /assets/KFOMCnqEu92Fr1ME7kSn66aGLdTylUAMQXC89YmC2DPNWubEbVmUiAw-3fZ6d7DD.woff [32m200[0m 16.391 ms - 25192[0m
[0mGET /assets/vue-i18n-HI3BZDBs.js [32m200[0m 20.694 ms - 58980[0m
[0mGET /assets/i18n-yQWgCcyS.js [32m200[0m 38.378 ms - 43889[0m
[0mGET /assets/useStatus-CHNtA1Gc.js [32m200[0m 16.409 ms - 3330[0m
[0mGET /assets/useApi-DURR03kh.js [32m200[0m 25.912 ms - 766[0m
[0mGET /assets/socketio-C-R0RxIR.js [32m200[0m 54.802 ms - 42965[0m
[0mGET /assets/theme-CO2wiR2I.js [32m200[0m 20.449 ms - 126[0m
[0mGET /assets/index-xsH4HHeE.js [32m200[0m 60.451 ms - 35205[0m
[0mGET /favicon.ico [32m200[0m 16.419 ms - 32012[0m
[0mGET /assets/useTheme-BPu1JEqT.js [32m200[0m 30.514 ms - 321[0m
[0mGET /assets/use-quasar-D2fJvzGi.js [32m200[0m 56.278 ms - 84[0m
[0mGET /assets/QList-C8WVBOAg.js [32m200[0m 16.990 ms - 608[0m
[0mGET /assets/_plugin-vue_export-helper-BAiND02F.js [32m200[0m 18.592 ms - 2557[0m
[0mGET /assets/MainLayout-BLbqS_SQ.js [32m200[0m 19.418 ms - 28053[0m
[0mGET /assets/rtl--NrpvFEM.js [32m200[0m 19.451 ms - 11472[0m
[0mGET /assets/TransportBar-k2H1NgAX.css [32m200[0m 2.839 ms - 399[0m
[0mGET /assets/MainLayout-BPy1LimP.css [32m200[0m 23.628 ms - 1435[0m
[0mGET /assets/LayoutsPage-CvOqpwur.css [32m200[0m 23.374 ms - 722[0m
[0mGET /assets/usePresets-BeFm9EEb.css [32m200[0m 24.493 ms - 1373[0m
[0mGET /assets/format-o0Ft4m4J.js [32m200[0m 74.741 ms - 4232[0m
[0mGET /assets/use-dialog-plugin-component-DhejPyXH.js [32m200[0m 42.358 ms - 443[0m
[0mGET /assets/touch-BjYP5sR0.js [32m200[0m 40.947 ms - 667[0m
[0mGET /assets/QTabs-CNLCKDyX.js [32m200[0m 88.196 ms - 12915[0m
[0mGET /assets/TransportBar-pJ0qVppE.js [32m200[0m 49.466 ms - 8297[0m
[0mGET /assets/confirmDialog-JANcHlud.js [32m200[0m 103.816 ms - 10646[0m
[0mGET /assets/DelayedTooltip-Dc7_0Hdc.js [32m200[0m 50.284 ms - 424[0m
[0mGET /assets/usePlayback-quHNa8UJ.js [32m200[0m 38.089 ms - 4685[0m
[0mGET /assets/QBadge-gDlVdD4G.js [32m200[0m 53.047 ms - 923[0m
[0mGET /assets/usePlaylist-CUXYIJ4T.js [32m200[0m 61.560 ms - 15872[0m
[0mGET /assets/LayoutsPage-8y_LkeiO.js [32m200[0m 60.812 ms - 14029[0m
[0mGET /assets/QChip-C05iy66A.js [32m200[0m 12.109 ms - 2692[0m
[0mGET /assets/QPage-CiGF5mWW.js [32m200[0m 58.384 ms - 895[0m
[0mGET /assets/usePresets-BcLDkw2s.js [32m200[0m 58.695 ms - 5812[0m
[34m2026-08-17 17:33:57 [debug]: Client connected: AOeefj4z40WLHC1ZAAAP [39m
[0mGET /assets/useSources-CUMVQh-L.js [32m200[0m 33.894 ms - 646[0m
[0mGET /assets/QItemLabel-BRQbSeTo.js [32m200[0m 49.116 ms - 668[0m
[0mGET /assets/QSelect-ypTEGVdp.js [32m200[0m 97.080 ms - 28464[0m
[0mGET /assets/QTabPanels-CcewJAn4.js [32m200[0m 74.417 ms - 7042[0m
[0mGET /icons.svg [36m304[0m 0.260 ms - -[0m
[0mGET /assets/KFOMCnqEu92Fr1ME7kSn66aGLdTylUAMQXC89YmC2DPNWub2bVmUiAw-CHKg1YId.woff [32m200[0m 8.199 ms - 25396[0m
[0mGET /assets/KFOMCnqEu92Fr1ME7kSn66aGLdTylUAMQXC89YmC2DPNWuYjalmUiAw-BepdiOnY.woff [32m200[0m 9.396 ms - 25552[0m
[0mGET /assets/flUhRq6tzZclQEJ-Vdg-IuiaDsNcIhQ8tQ-D-x-0Q06.woff2 [32m200[0m 9.219 ms - 128616[0m
[0mGET /assets/NanumGothic-Regular-DZXllXnW.woff2 [32m200[0m 19.205 ms - 696072[0m
[32m2026-08-17 17:33:57 [info]: Command sent to player: {"command":"get_displays"} [39m
[0mGET /api/player/displays [36m304[0m 0.606 ms - -[0m
[0mGET /api/sources [36m304[0m 1.036 ms - -[0m
[0mGET /api/sources [32m200[0m 0.706 ms - 849[0m
[0mDELETE /api/sources/27f84ed2-a58d-47cc-a732-9385a729f7e9 [32m200[0m 2.447 ms - 11[0m
[0mDELETE /api/sources/e8ee3124-19f0-463e-a022-995cd68d237f [32m200[0m 1.887 ms - 11[0m
[0mGET / [32m200[0m 16.052 ms - 876[0m
[0mGET /assets/index-CV8QM27o.css [32m200[0m 12.814 ms - 205517[0m
[0mGET /assets/index-DWkeVtEu.js [32m200[0m 72.104 ms - 256328[0m
[0mGET /assets/axios-DYthqMv0.js [32m200[0m 22.000 ms - 333[0m
[0mGET /assets/i18n-yQWgCcyS.js [32m200[0m 25.712 ms - 43889[0m
[0mGET /assets/vue-i18n-HI3BZDBs.js [32m200[0m 26.112 ms - 58980[0m
[0mGET /assets/index-xsH4HHeE.js [32m200[0m 24.421 ms - 35205[0m
[0mGET /assets/useStatus-CHNtA1Gc.js [32m200[0m 40.037 ms - 3330[0m
[0mGET /assets/socketio-C-R0RxIR.js [32m200[0m 40.679 ms - 42965[0m
[0mGET /assets/theme-CO2wiR2I.js [32m200[0m 13.323 ms - 126[0m
[0mGET /assets/useApi-DURR03kh.js [32m200[0m 23.583 ms - 766[0m
[0mGET /assets/use-quasar-D2fJvzGi.js [32m200[0m 20.152 ms - 84[0m
[0mGET /assets/useTheme-BPu1JEqT.js [32m200[0m 24.924 ms - 321[0m
[0mGET /favicon.ico [32m200[0m 8.508 ms - 32012[0m
[0mGET /assets/KFOMCnqEu92Fr1ME7kSn66aGLdTylUAMQXC89YmC2DPNWubEbVmUiAw-3fZ6d7DD.woff [32m200[0m 11.009 ms - 25192[0m
[0mGET /assets/QList-C8WVBOAg.js [32m200[0m 16.138 ms - 608[0m
[0mGET /assets/_plugin-vue_export-helper-BAiND02F.js [32m200[0m 17.886 ms - 2557[0m
[0mGET /assets/MainLayout-BLbqS_SQ.js [32m200[0m 19.481 ms - 28053[0m
[0mGET /assets/TransportBar-k2H1NgAX.css [32m200[0m 8.407 ms - 399[0m
[0mGET /assets/format-o0Ft4m4J.js [32m200[0m 32.887 ms - 4232[0m
[0mGET /assets/rtl--NrpvFEM.js [32m200[0m 34.161 ms - 11472[0m
[0mGET /assets/MainLayout-BPy1LimP.css [32m200[0m 17.483 ms - 1435[0m
[0mGET /assets/QTabs-CNLCKDyX.js [32m200[0m 35.824 ms - 12915[0m
[0mGET /assets/usePresets-BeFm9EEb.css [32m200[0m 18.328 ms - 1373[0m
[0mGET /assets/audioDevice-CN6qpF_l.css [32m200[0m 14.135 ms - 198[0m
[0mGET /assets/IndexPage-D4xI7vKR.css [32m200[0m 13.650 ms - 595[0m
[0mGET /assets/touch-BjYP5sR0.js [32m200[0m 11.831 ms - 667[0m
[0mGET /assets/use-dialog-plugin-component-DhejPyXH.js [32m200[0m 15.041 ms - 443[0m
[0mGET /assets/confirmDialog-JANcHlud.js [32m200[0m 23.586 ms - 10646[0m
[0mGET /assets/TransportBar-pJ0qVppE.js [32m200[0m 20.475 ms - 8297[0m
[0mGET /assets/DelayedTooltip-Dc7_0Hdc.js [32m200[0m 21.442 ms - 424[0m
[0mGET /assets/usePlayback-quHNa8UJ.js [32m200[0m 20.061 ms - 4685[0m
[0mGET /assets/usePlaylist-CUXYIJ4T.js [32m200[0m 21.188 ms - 15872[0m
[0mGET /assets/IndexPage-BU08FTPI.js [32m200[0m 21.768 ms - 9911[0m
[0mGET /assets/PageHeader-DNsHHdzX.js [32m200[0m 15.289 ms - 833[0m
[0mGET /assets/QPage-CiGF5mWW.js [32m200[0m 18.224 ms - 895[0m
[34m2026-08-18 07:27:27 [debug]: Client connected: a1L5CkCgD6B6AkqgAAAR [39m
[0mGET /assets/QItemLabel-BRQbSeTo.js [32m200[0m 25.986 ms - 668[0m
[0mGET /assets/QBadge-gDlVdD4G.js [32m200[0m 19.756 ms - 923[0m
[0mGET /assets/QChip-C05iy66A.js [32m200[0m 16.762 ms - 2692[0m
[0mGET /assets/PreloadBadge-CGr-eKQd.js [32m200[0m 17.313 ms - 914[0m
[0mGET /assets/audioDevice-DgKYutrv.js [32m200[0m 14.940 ms - 4783[0m
[0mGET /assets/QSelect-ypTEGVdp.js [32m200[0m 42.916 ms - 28464[0m
[0mGET /assets/usePresets-BcLDkw2s.js [32m200[0m 33.575 ms - 5812[0m
[0mGET /icons.svg [32m200[0m 9.633 ms - 18448[0m
[0mGET /api/playlist [32m200[0m 1.556 ms - 26246[0m
[32m2026-08-18 07:27:27 [info]: Command sent to player: {"command":"get_audio_devices"} [39m
[0mGET /api/player/audio_devices [32m200[0m 2.302 ms - 45[0m
[0mGET /api/player/presets [32m200[0m 2.842 ms - 378[0m
[0mGET /assets/flUhRq6tzZclQEJ-Vdg-IuiaDsNcIhQ8tQ-D-x-0Q06.woff2 [32m200[0m 7.181 ms - 128616[0m
[0mGET /assets/KFOMCnqEu92Fr1ME7kSn66aGLdTylUAMQXC89YmC2DPNWub2bVmUiAw-CHKg1YId.woff [32m200[0m 7.614 ms - 25396[0m
[0mGET /assets/KFOMCnqEu92Fr1ME7kSn66aGLdTylUAMQXC89YmC2DPNWuYjalmUiAw-BepdiOnY.woff [32m200[0m 8.343 ms - 25552[0m
[0mGET /assets/FleetPage-CQkDY5Ek.css [32m200[0m 7.985 ms - 93[0m
[0mGET /assets/QMarkupTable-6A5qfb7M.js [32m200[0m 12.467 ms - 811[0m
[0mGET /assets/FleetPage-BTOHvL_1.js [32m200[0m 17.850 ms - 13126[0m
[0mPOST /api/fleet/refresh [32m200[0m 0.287 ms - 11[0m
[0mGET /assets/QForm-DIMV7fPP.js [32m200[0m 21.729 ms - 2250[0m
[0mGET /assets/deleteFile-uDVkgN0I.js [32m200[0m 22.627 ms - 16608[0m
[0mGET /assets/FilesPage-CKBerMYk.js [32m200[0m 23.486 ms - 62681[0m
[0mGET /assets/FilesPage-j_uu91dU.css [32m200[0m 24.112 ms - 1731[0m
[0mGET /assets/useFiles-BFymM2qJ.js [32m200[0m 28.422 ms - 2112[0m
[0mGET /assets/QSlideTransition-DI8MLRXQ.js [32m200[0m 30.471 ms - 1333[0m
[0mGET /api/files [32m200[0m 3.494 ms - 147253[0m
[0mGET /api/folders [32m200[0m 4.161 ms - 138[0m
[0mGET /api/files/thumbnail/7327ae6a-230f-43a5-bbc8-314cc0cf385a [32m200[0m 3.164 ms - 106329[0m
[0mGET /api/files/thumbnail/2b977aae-9055-41e4-b134-8e34af827db7 [32m200[0m 4.003 ms - 123541[0m
[0mGET /api/files/thumbnail/6ccc8817-8fc9-4fb6-8901-205a33fb9ac9 [32m200[0m 3.752 ms - 95584[0m
[0mGET /api/files/thumbnail/b7b9a649-e9b9-40bd-a698-212291afb0d2 [32m200[0m 5.469 ms - 48906[0m
[0mGET /api/files/thumbnail/6aa26f1a-11c1-469a-8239-113d0fc45884 [32m200[0m 4.239 ms - 133023[0m
[0mGET /api/files/thumbnail/4302a862-2015-43d2-8f37-a2bd34e0642f [32m200[0m 5.593 ms - 89161[0m
[0mGET /api/files/thumbnail/103b5718-1096-44d1-a67b-a9577a083125 [32m200[0m 1.523 ms - 8917[0m
[0mGET /api/files/thumbnail/0bca07d2-db37-49e2-8380-46f22e574267 [32m200[0m 1.680 ms - 108315[0m
[0mGET /api/files/thumbnail/a07d9516-de81-4fb6-8fa0-354ef8afd389 [32m200[0m 2.206 ms - 68244[0m
[0mGET /api/files/thumbnail/a49d7c2b-48bb-4c4f-a39c-a43294b17341 [32m200[0m 1.589 ms - 124016[0m
[0mGET /assets/NanumGothic-Regular-DZXllXnW.woff2 [32m200[0m 7.028 ms - 696072[0m
[0mGET /assets/SourcesPage-CUuF0IZB.css [32m200[0m 7.199 ms - 91[0m
[0mGET /assets/useSources-CUMVQh-L.js [32m200[0m 12.351 ms - 646[0m
[0mGET /assets/SourcesPage-euErWAVj.js [32m200[0m 15.947 ms - 8084[0m
[0mGET /api/sources [32m200[0m 0.537 ms - 2[0m
[0mGET /assets/PlaylistPage-D2LTrRp9.css [32m200[0m 8.299 ms - 5137[0m
[0mGET /assets/PlaylistPage-DR9cTiWD.js [32m200[0m 76.153 ms - 220396[0m
[0mGET /api/playlist [36m304[0m 1.257 ms - -[0m
[0mPUT /api/playlist/select [32m200[0m 1.761 ms - 26244[0m
[0mGET /assets/LayoutsPage-CvOqpwur.css [32m200[0m 7.392 ms - 722[0m
[0mGET /assets/LayoutsPage-8y_LkeiO.js [32m200[0m 16.860 ms - 14029[0m
[0mGET /assets/QTabPanels-CcewJAn4.js [32m200[0m 17.840 ms - 7042[0m
[32m2026-08-18 07:27:40 [info]: Command sent to player: {"command":"get_displays"} [39m
[0mGET /api/player/displays [32m200[0m 0.592 ms - 45[0m
[0mGET /api/sources [36m304[0m 0.916 ms - -[0m
[0mGET / [36m304[0m 0.532 ms - -[0m
[34m2026-08-18 07:52:06 [debug]: Client disconnected: a1L5CkCgD6B6AkqgAAAR [39m
[0mGET /assets/index-CV8QM27o.css [36m304[0m 0.725 ms - -[0m
[0mGET /assets/index-DWkeVtEu.js [36m304[0m 0.537 ms - -[0m
[0mGET /assets/i18n-yQWgCcyS.js [36m304[0m 0.682 ms - -[0m
[0mGET /assets/vue-i18n-HI3BZDBs.js [36m304[0m 0.678 ms - -[0m
[0mGET /assets/axios-DYthqMv0.js [36m304[0m 0.972 ms - -[0m
[0mGET /assets/index-xsH4HHeE.js [36m304[0m 0.317 ms - -[0m
[0mGET /assets/socketio-C-R0RxIR.js [36m304[0m 0.482 ms - -[0m
[0mGET /assets/useStatus-CHNtA1Gc.js [36m304[0m 1.552 ms - -[0m
[0mGET /assets/useApi-DURR03kh.js [36m304[0m 1.564 ms - -[0m
[0mGET /assets/use-quasar-D2fJvzGi.js [36m304[0m 1.452 ms - -[0m
[0mGET /assets/theme-CO2wiR2I.js [36m304[0m 1.548 ms - -[0m
[0mGET /assets/useTheme-BPu1JEqT.js [36m304[0m 0.764 ms - -[0m
[0mGET /favicon.ico [36m304[0m 0.969 ms - -[0m
[0mGET /assets/MainLayout-BLbqS_SQ.js [36m304[0m 0.315 ms - -[0m
[0mGET /assets/_plugin-vue_export-helper-BAiND02F.js [36m304[0m 0.489 ms - -[0m
[0mGET /assets/rtl--NrpvFEM.js [36m304[0m 0.711 ms - -[0m
[0mGET /assets/QList-C8WVBOAg.js [36m304[0m 0.606 ms - -[0m
[0mGET /assets/format-o0Ft4m4J.js [36m304[0m 0.675 ms - -[0m
[0mGET /assets/QTabs-CNLCKDyX.js [36m304[0m 0.800 ms - -[0m
[0mGET /assets/TransportBar-k2H1NgAX.css [36m304[0m 0.279 ms - -[0m
[0mGET /assets/MainLayout-BPy1LimP.css [36m304[0m 0.859 ms - -[0m
[0mGET /assets/usePresets-BeFm9EEb.css [36m304[0m 1.077 ms - -[0m
[0mGET /assets/LayoutsPage-CvOqpwur.css [36m304[0m 0.979 ms - -[0m
[0mGET /assets/KFOMCnqEu92Fr1ME7kSn66aGLdTylUAMQXC89YmC2DPNWubEbVmUiAw-3fZ6d7DD.woff [36m304[0m 0.974 ms - -[0m
[0mGET /assets/confirmDialog-JANcHlud.js [36m304[0m 0.956 ms - -[0m
[0mGET /assets/touch-BjYP5sR0.js [36m304[0m 1.013 ms - -[0m
[0mGET /assets/use-dialog-plugin-component-DhejPyXH.js [36m304[0m 0.610 ms - -[0m
[0mGET /assets/TransportBar-pJ0qVppE.js [36m304[0m 0.658 ms - -[0m
[0mGET /assets/DelayedTooltip-Dc7_0Hdc.js [36m304[0m 0.553 ms - -[0m
[0mGET /assets/usePlaylist-CUXYIJ4T.js [36m304[0m 0.614 ms - -[0m
[0mGET /assets/usePlayback-quHNa8UJ.js [36m304[0m 0.962 ms - -[0m
[34m2026-08-18 07:52:06 [debug]: Client connected: oKlBiKXFPAPa4q6yAAAT [39m
[0mGET /assets/LayoutsPage-8y_LkeiO.js [36m304[0m 0.681 ms - -[0m
[0mGET /assets/QBadge-gDlVdD4G.js [36m304[0m 0.865 ms - -[0m
[0mGET /assets/QPage-CiGF5mWW.js [36m304[0m 1.084 ms - -[0m
[0mGET /assets/usePresets-BcLDkw2s.js [36m304[0m 2.076 ms - -[0m
[0mGET /assets/QSelect-ypTEGVdp.js [36m304[0m 0.974 ms - -[0m
[0mGET /assets/QChip-C05iy66A.js [36m304[0m 0.837 ms - -[0m
[0mGET /assets/QItemLabel-BRQbSeTo.js [36m304[0m 0.921 ms - -[0m
[0mGET /assets/QTabPanels-CcewJAn4.js [36m304[0m 1.293 ms - -[0m
[0mGET /assets/useSources-CUMVQh-L.js [36m304[0m 1.668 ms - -[0m
[0mGET /icons.svg [36m304[0m 0.345 ms - -[0m
[0mGET /assets/KFOMCnqEu92Fr1ME7kSn66aGLdTylUAMQXC89YmC2DPNWuYjalmUiAw-BepdiOnY.woff [36m304[0m 0.878 ms - -[0m
[0mGET /assets/flUhRq6tzZclQEJ-Vdg-IuiaDsNcIhQ8tQ-D-x-0Q06.woff2 [36m304[0m 0.863 ms - -[0m
[0mGET /assets/KFOMCnqEu92Fr1ME7kSn66aGLdTylUAMQXC89YmC2DPNWub2bVmUiAw-CHKg1YId.woff [36m304[0m 1.070 ms - -[0m
[32m2026-08-18 07:52:06 [info]: Command sent to player: {"command":"get_displays"} [39m
[0mGET /api/player/displays [36m304[0m 0.934 ms - -[0m
[0mGET /api/sources [36m304[0m 1.865 ms - -[0m
[0mGET /assets/NanumGothic-Regular-DZXllXnW.woff2 [36m304[0m 0.313 ms - -[0m
[0mGET / [32m200[0m 14.699 ms - 876[0m
[34m2026-08-18 07:53:28 [debug]: Client disconnected: AOeefj4z40WLHC1ZAAAP [39m
[0mGET /assets/index-CV8QM27o.css [32m200[0m 12.621 ms - 205517[0m
[0mGET /assets/index-CwB4YrRX.js [32m200[0m 73.871 ms - 256331[0m
[0mGET /assets/axios-L0tMeQXA.js [32m200[0m 22.809 ms - 333[0m
[0mGET /assets/i18n-C3kJMnEZ.js [32m200[0m 26.960 ms - 43889[0m
[0mGET /assets/vue-i18n-B0lHGCvc.js [32m200[0m 23.719 ms - 58980[0m
[0mGET /assets/KFOMCnqEu92Fr1ME7kSn66aGLdTylUAMQXC89YmC2DPNWubEbVmUiAw-3fZ6d7DD.woff [32m200[0m 8.839 ms - 25192[0m
[0mGET /assets/useStatus-DvcxTSuK.js [32m200[0m 40.924 ms - 3330[0m
[0mGET /assets/socketio-DJEDZyL2.js [32m200[0m 41.651 ms - 42965[0m
[0mGET /assets/index-xsH4HHeE.js [32m200[0m 43.566 ms - 35205[0m
[0mGET /assets/useApi-oorPsWay.js [32m200[0m 28.072 ms - 766[0m
[0mGET /assets/theme-XpaniJDL.js [32m200[0m 24.142 ms - 126[0m
[0mGET /favicon.ico [32m200[0m 21.957 ms - 32012[0m
[0mGET /assets/use-quasar-C6TQGRDF.js [32m200[0m 47.372 ms - 84[0m
[0mGET /assets/useTheme-Dv1iBw2r.js [32m200[0m 26.675 ms - 321[0m
[0mGET /assets/QList-5EA_2uSX.js [32m200[0m 13.122 ms - 608[0m
[0mGET /assets/_plugin-vue_export-helper-B6734KCJ.js [32m200[0m 14.606 ms - 2557[0m
[0mGET /assets/MainLayout-BdqdLzpK.js [32m200[0m 18.983 ms - 28053[0m
[0mGET /assets/rtl-BDCa7aAb.js [32m200[0m 18.845 ms - 11472[0m
[0mGET /assets/MainLayout-BPy1LimP.css [32m200[0m 3.701 ms - 1435[0m
[0mGET /assets/TransportBar-k2H1NgAX.css [32m200[0m 9.036 ms - 399[0m
[0mGET /assets/usePresets-BeFm9EEb.css [32m200[0m 24.341 ms - 1373[0m
[0mGET /assets/LayoutsPage-DM4E2se3.css [32m200[0m 21.520 ms - 874[0m
[0mGET /assets/format-CpXASB9E.js [32m200[0m 52.193 ms - 4232[0m
[0mGET /assets/QTabs-BWh8UyxK.js [32m200[0m 82.239 ms - 12915[0m
[0mGET /assets/touch-BjYP5sR0.js [32m200[0m 58.360 ms - 667[0m
[0mGET /assets/confirmDialog-BUZD31Wl.js [32m200[0m 66.731 ms - 10646[0m
[0mGET /assets/use-dialog-plugin-component-CLW9jsDp.js [32m200[0m 67.710 ms - 443[0m
[0mGET /assets/TransportBar-CrxLYzHN.js [32m200[0m 67.584 ms - 8297[0m
[0mGET /assets/DelayedTooltip-Bww4TEZH.js [32m200[0m 60.007 ms - 424[0m
[0mGET /assets/usePlayback-yEdZVVwc.js [32m200[0m 39.824 ms - 4685[0m
[0mGET /assets/usePlaylist-Csd2yw-l.js [32m200[0m 43.640 ms - 15872[0m
[0mGET /assets/LayoutsPage-Bt0xJoOT.js [32m200[0m 38.992 ms - 13587[0m
[0mGET /assets/QBadge-D90xJIly.js [32m200[0m 19.797 ms - 923[0m
[0mGET /assets/QPage-BXkq5_bZ.js [32m200[0m 39.537 ms - 895[0m
[0mGET /assets/QChip-CC1s5Kei.js [32m200[0m 25.024 ms - 2692[0m
[0mGET /assets/QItemLabel-CHVPoyqK.js [32m200[0m 25.915 ms - 668[0m
[34m2026-08-18 07:53:29 [debug]: Client connected: GNAHvR3kaaxKjyQ0AAAV [39m
[0mGET /assets/usePresets-CEH7xiGi.js [32m200[0m 46.545 ms - 5812[0m
[0mGET /assets/QSelect-I6dZQJvV.js [32m200[0m 38.319 ms - 28464[0m
[0mGET /assets/useSources-BPu5VNdg.js [32m200[0m 21.650 ms - 646[0m
[0mGET /assets/PageHeader-DjHpgRwT.js [32m200[0m 26.437 ms - 833[0m
[0mGET /assets/QTabPanels-B92rkhhD.js [32m200[0m 53.978 ms - 7042[0m
[0mGET /icons.svg [36m304[0m 0.298 ms - -[0m
[0mGET /assets/KFOMCnqEu92Fr1ME7kSn66aGLdTylUAMQXC89YmC2DPNWub2bVmUiAw-CHKg1YId.woff [32m200[0m 5.937 ms - 25396[0m
[0mGET /assets/KFOMCnqEu92Fr1ME7kSn66aGLdTylUAMQXC89YmC2DPNWuYjalmUiAw-BepdiOnY.woff [32m200[0m 7.220 ms - 25552[0m
[0mGET /assets/flUhRq6tzZclQEJ-Vdg-IuiaDsNcIhQ8tQ-D-x-0Q06.woff2 [32m200[0m 11.881 ms - 128616[0m
[32m2026-08-18 07:53:29 [info]: Command sent to player: {"command":"get_displays"} [39m
[0mGET /api/player/displays [36m304[0m 0.540 ms - -[0m
[0mGET /api/sources [32m200[0m 0.498 ms - 2[0m
[0mGET / [32m200[0m 0.823 ms - 876[0m
[34m2026-08-18 08:17:35 [debug]: Client disconnected: oKlBiKXFPAPa4q6yAAAT [39m
[0mGET /assets/index-CwB4YrRX.js [32m200[0m 1.480 ms - 256331[0m
[0mGET /assets/index-CV8QM27o.css [32m200[0m 1.145 ms - 205517[0m
[0mGET /assets/i18n-C3kJMnEZ.js [32m200[0m 1.209 ms - 43889[0m
[0mGET /assets/vue-i18n-B0lHGCvc.js [32m200[0m 1.277 ms - 58980[0m
[0mGET /assets/socketio-DJEDZyL2.js [32m200[0m 1.255 ms - 42965[0m
[0mGET /assets/useStatus-DvcxTSuK.js [32m200[0m 1.478 ms - 3330[0m
[0mGET /assets/axios-L0tMeQXA.js [32m200[0m 2.185 ms - 333[0m
[0mGET /assets/useApi-oorPsWay.js [32m200[0m 2.025 ms - 766[0m
[0mGET /assets/use-quasar-C6TQGRDF.js [32m200[0m 1.553 ms - 84[0m
[0mGET /assets/theme-XpaniJDL.js [32m200[0m 1.389 ms - 126[0m
[0mGET /favicon.ico [36m304[0m 0.333 ms - -[0m
[0mGET /assets/useTheme-Dv1iBw2r.js [32m200[0m 1.950 ms - 321[0m
[0mGET /assets/KFOMCnqEu92Fr1ME7kSn66aGLdTylUAMQXC89YmC2DPNWubEbVmUiAw-3fZ6d7DD.woff [32m200[0m 2.983 ms - 25192[0m
[0mGET /assets/index-xsH4HHeE.js [32m200[0m 2.437 ms - 35205[0m
[0mGET /assets/MainLayout-BdqdLzpK.js [32m200[0m 2.046 ms - 28053[0m
[0mGET /assets/_plugin-vue_export-helper-B6734KCJ.js [32m200[0m 2.282 ms - 2557[0m
[0mGET /assets/rtl-BDCa7aAb.js [32m200[0m 2.200 ms - 11472[0m
[0mGET /assets/format-CpXASB9E.js [32m200[0m 2.773 ms - 4232[0m
[0mGET /assets/QList-5EA_2uSX.js [32m200[0m 3.508 ms - 608[0m
[0mGET /assets/QTabs-BWh8UyxK.js [32m200[0m 3.981 ms - 12915[0m
[0mGET /assets/TransportBar-k2H1NgAX.css [32m200[0m 0.915 ms - 399[0m
[0mGET /assets/MainLayout-BPy1LimP.css [32m200[0m 0.551 ms - 1435[0m
[0mGET /assets/usePresets-BeFm9EEb.css [32m200[0m 1.767 ms - 1373[0m
[0mGET /assets/LayoutsPage-DM4E2se3.css [32m200[0m 1.740 ms - 874[0m
[0mGET /assets/confirmDialog-BUZD31Wl.js [32m200[0m 1.763 ms - 10646[0m
[0mGET /assets/touch-BjYP5sR0.js [32m200[0m 1.742 ms - 667[0m
[0mGET /assets/use-dialog-plugin-component-CLW9jsDp.js [32m200[0m 1.788 ms - 443[0m
[0mGET /assets/TransportBar-CrxLYzHN.js [32m200[0m 1.762 ms - 8297[0m
[0mGET /assets/DelayedTooltip-Bww4TEZH.js [32m200[0m 1.750 ms - 424[0m
[0mGET /assets/usePlaylist-Csd2yw-l.js [32m200[0m 1.387 ms - 15872[0m
[0mGET /assets/usePlayback-yEdZVVwc.js [32m200[0m 1.449 ms - 4685[0m
[0mGET /assets/LayoutsPage-Bt0xJoOT.js [32m200[0m 1.625 ms - 13587[0m
[0mGET /assets/QBadge-D90xJIly.js [32m200[0m 1.824 ms - 923[0m
[0mGET /assets/QPage-BXkq5_bZ.js [32m200[0m 1.639 ms - 895[0m
[0mGET /assets/usePresets-CEH7xiGi.js [32m200[0m 2.132 ms - 5812[0m
[0mGET /assets/QSelect-I6dZQJvV.js [32m200[0m 2.508 ms - 28464[0m
[34m2026-08-18 08:17:35 [debug]: Client connected: wcm37wTX7yEDvggfAAAX [39m
[0mGET /assets/QChip-CC1s5Kei.js [32m200[0m 3.533 ms - 2692[0m
[0mGET /assets/QItemLabel-CHVPoyqK.js [32m200[0m 4.200 ms - 668[0m
[0mGET /assets/QTabPanels-B92rkhhD.js [32m200[0m 1.461 ms - 7042[0m
[0mGET /assets/useSources-BPu5VNdg.js [32m200[0m 1.315 ms - 646[0m
[0mGET /assets/PageHeader-DjHpgRwT.js [32m200[0m 1.304 ms - 833[0m
[0mGET /icons.svg [36m304[0m 0.249 ms - -[0m
[0mGET /assets/KFOMCnqEu92Fr1ME7kSn66aGLdTylUAMQXC89YmC2DPNWuYjalmUiAw-BepdiOnY.woff [32m200[0m 1.095 ms - 25552[0m
[0mGET /assets/KFOMCnqEu92Fr1ME7kSn66aGLdTylUAMQXC89YmC2DPNWub2bVmUiAw-CHKg1YId.woff [32m200[0m 1.292 ms - 25396[0m
[0mGET /assets/flUhRq6tzZclQEJ-Vdg-IuiaDsNcIhQ8tQ-D-x-0Q06.woff2 [32m200[0m 1.239 ms - 128616[0m
[32m2026-08-18 08:17:35 [info]: Command sent to player: {"command":"get_displays"} [39m
[0mGET /api/player/displays [36m304[0m 1.139 ms - -[0m
[0mGET /api/sources [36m304[0m 1.431 ms - -[0m
[32m2026-08-18 08:19:40 [info]: Command sent to player: {"command":"set_display","window_id":1,"monitor_index":1,"x":6,"y":22,"width":3070,"height":1706,"aspect_mode":"letterbox","z_order":0} [39m
[32m2026-08-18 08:19:40 [info]: Command sent to player: {"command":"background_color","window_id":1,"color":"#000000"} [39m
[32m2026-08-18 08:19:40 [info]: Command sent to player: {"command":"clear_window_source","window_id":1} [39m
[0mPUT /api/player/windows/1 [32m200[0m 4.933 ms - 174[0m
[0mGET / [32m200[0m 33.721 ms - 876[0m
[34m2026-08-18 08:21:20 [debug]: Client disconnected: GNAHvR3kaaxKjyQ0AAAV [39m
[0mGET /assets/index-CV8QM27o.css [32m200[0m 8.037 ms - 205517[0m
[0mGET /assets/index-BDd5WIwv.js [32m200[0m 53.708 ms - 256331[0m
[0mGET /assets/axios-DaLiEKoC.js [32m200[0m 26.464 ms - 333[0m
[0mGET /assets/index-xsH4HHeE.js [32m200[0m 26.572 ms - 35205[0m
[0mGET /assets/i18n-BcLLFtH2.js [32m200[0m 32.130 ms - 43889[0m
[0mGET /assets/KFOMCnqEu92Fr1ME7kSn66aGLdTylUAMQXC89YmC2DPNWubEbVmUiAw-3fZ6d7DD.woff [32m200[0m 6.364 ms - 25192[0m
[0mGET /assets/useStatus-CG_LLZyZ.js [32m200[0m 51.987 ms - 3330[0m
[0mGET /assets/useApi-9rvi9Eef.js [32m200[0m 24.588 ms - 766[0m
[0mGET /assets/vue-i18n-Cc9NqcMq.js [32m200[0m 57.345 ms - 58980[0m
[0mGET /assets/socketio-BTlxCCF3.js [32m200[0m 61.052 ms - 42965[0m
[0mGET /assets/theme-DzuTVao7.js [32m200[0m 26.815 ms - 126[0m
[0mGET /favicon.ico [32m200[0m 12.980 ms - 32012[0m
[0mGET /assets/useTheme-lglqJI85.js [32m200[0m 19.403 ms - 321[0m
[0mGET /assets/use-quasar-B_Y34qwE.js [32m200[0m 45.104 ms - 84[0m
[0mGET /assets/QList-CXK0mE8S.js [32m200[0m 12.340 ms - 608[0m
[0mGET /assets/_plugin-vue_export-helper-d1A8Kja6.js [32m200[0m 13.534 ms - 2557[0m
[0mGET /assets/rtl-D3ycdr-7.js [32m200[0m 20.444 ms - 11472[0m
[0mGET /assets/TransportBar-k2H1NgAX.css [32m200[0m 8.400 ms - 399[0m
[0mGET /assets/MainLayout-BPy1LimP.css [32m200[0m 7.776 ms - 1435[0m
[0mGET /assets/usePresets-BeFm9EEb.css [32m200[0m 2.308 ms - 1373[0m
[0mGET /assets/QTabs-CpdLnHZV.js [32m200[0m 29.029 ms - 12915[0m
[0mGET /assets/MainLayout-LOYRshbj.js [32m200[0m 36.523 ms - 28053[0m
[0mGET /assets/LayoutsPage-D_Vszsjk.css [32m200[0m 12.236 ms - 866[0m
[0mGET /assets/touch-BjYP5sR0.js [32m200[0m 5.613 ms - 667[0m
[0mGET /assets/use-dialog-plugin-component-D7B-bP2S.js [32m200[0m 16.079 ms - 443[0m
[0mGET /assets/confirmDialog-Dh4PkzIY.js [32m200[0m 25.646 ms - 10646[0m
[0mGET /assets/format-BlxXUd6Y.js [32m200[0m 50.287 ms - 4232[0m
[0mGET /assets/TransportBar-BuKTSbJy.js [32m200[0m 19.887 ms - 8297[0m
[0mGET /assets/DelayedTooltip-DEUapGMy.js [32m200[0m 25.234 ms - 424[0m
[0mGET /assets/usePlayback-SotyJHUg.js [32m200[0m 20.789 ms - 4685[0m
[0mGET /assets/QPage-2dbRtnEZ.js [32m200[0m 15.615 ms - 895[0m
[0mGET /assets/usePlaylist-BBtUux_C.js [32m200[0m 40.889 ms - 15872[0m
[0mGET /assets/QBadge-DFiYrLE-.js [32m200[0m 29.122 ms - 923[0m
[0mGET /assets/LayoutsPage-Dk3eTys6.js [32m200[0m 39.630 ms - 13422[0m
[0mGET /assets/QChip-CO2kQHuj.js [32m200[0m 26.186 ms - 2692[0m
[0mGET /assets/QItemLabel-16AnUW02.js [32m200[0m 19.499 ms - 668[0m
[34m2026-08-18 08:21:20 [debug]: Client connected: lwM1kwdt8OikhJ6-AAAZ [39m
[0mGET /assets/usePresets-DBLYf6c2.js [32m200[0m 41.313 ms - 5812[0m
[0mGET /assets/PageHeader-CjayB-pc.js [32m200[0m 11.203 ms - 833[0m
[0mGET /assets/useSources-Bm1_niBm.js [32m200[0m 31.553 ms - 646[0m
[0mGET /assets/QSelect-CyAom-Wk.js [32m200[0m 61.319 ms - 28464[0m
[0mGET /assets/QTabPanels-BPSk0AcB.js [32m200[0m 51.624 ms - 7042[0m
[0mGET /icons.svg [36m304[0m 0.235 ms - -[0m
[0mGET /assets/KFOMCnqEu92Fr1ME7kSn66aGLdTylUAMQXC89YmC2DPNWub2bVmUiAw-CHKg1YId.woff [32m200[0m 5.743 ms - 25396[0m
[0mGET /assets/KFOMCnqEu92Fr1ME7kSn66aGLdTylUAMQXC89YmC2DPNWuYjalmUiAw-BepdiOnY.woff [32m200[0m 6.791 ms - 25552[0m
[0mGET /assets/flUhRq6tzZclQEJ-Vdg-IuiaDsNcIhQ8tQ-D-x-0Q06.woff2 [32m200[0m 6.280 ms - 128616[0m
[32m2026-08-18 08:21:20 [info]: Command sent to player: {"command":"get_displays"} [39m
[0mGET /api/player/displays [36m304[0m 0.534 ms - -[0m
[0mGET /api/sources [36m304[0m 0.333 ms - -[0m
[0mGET / [32m200[0m 0.978 ms - 876[0m
[34m2026-08-18 10:40:40 [debug]: Client disconnected: wcm37wTX7yEDvggfAAAX [39m
[0mGET /assets/index-BDd5WIwv.js [32m200[0m 1.221 ms - 256331[0m
[0mGET /assets/index-CV8QM27o.css [32m200[0m 0.994 ms - 205517[0m
[0mGET /assets/vue-i18n-Cc9NqcMq.js [32m200[0m 2.470 ms - 58980[0m
[0mGET /assets/i18n-BcLLFtH2.js [32m200[0m 3.303 ms - 43889[0m
[0mGET /assets/axios-DaLiEKoC.js [32m200[0m 2.958 ms - 333[0m
[0mGET /assets/socketio-BTlxCCF3.js [32m200[0m 2.984 ms - 42965[0m
[0mGET /assets/useStatus-CG_LLZyZ.js [32m200[0m 2.267 ms - 3330[0m
[0mGET /assets/index-xsH4HHeE.js [32m200[0m 2.732 ms - 35205[0m
[0mGET /assets/useApi-9rvi9Eef.js [32m200[0m 1.342 ms - 766[0m
[0mGET /assets/use-quasar-B_Y34qwE.js [32m200[0m 1.505 ms - 84[0m
[0mGET /assets/theme-DzuTVao7.js [32m200[0m 2.154 ms - 126[0m
[0mGET /assets/useTheme-lglqJI85.js [32m200[0m 1.571 ms - 321[0m
[0mGET /assets/MainLayout-LOYRshbj.js [32m200[0m 2.244 ms - 28053[0m
[0mGET /assets/_plugin-vue_export-helper-d1A8Kja6.js [32m200[0m 2.977 ms - 2557[0m
[0mGET /assets/rtl-D3ycdr-7.js [32m200[0m 3.039 ms - 11472[0m
[0mGET /assets/QList-CXK0mE8S.js [32m200[0m 3.893 ms - 608[0m
[0mGET /assets/format-BlxXUd6Y.js [32m200[0m 4.081 ms - 4232[0m
[0mGET /assets/QTabs-CpdLnHZV.js [32m200[0m 4.168 ms - 12915[0m
[0mGET /assets/TransportBar-k2H1NgAX.css [32m200[0m 3.198 ms - 399[0m
[0mGET /assets/MainLayout-BPy1LimP.css [32m200[0m 2.376 ms - 1435[0m
[0mGET /assets/LayoutsPage-D_Vszsjk.css [32m200[0m 3.035 ms - 866[0m
[0mGET /assets/usePresets-BeFm9EEb.css [32m200[0m 3.178 ms - 1373[0m
[0mGET /assets/confirmDialog-Dh4PkzIY.js [32m200[0m 3.711 ms - 10646[0m
[0mGET /assets/use-dialog-plugin-component-D7B-bP2S.js [32m200[0m 2.961 ms - 443[0m
[0mGET /assets/touch-BjYP5sR0.js [32m200[0m 2.882 ms - 667[0m
[0mGET /assets/TransportBar-BuKTSbJy.js [32m200[0m 2.573 ms - 8297[0m
[0mGET /assets/DelayedTooltip-DEUapGMy.js [32m200[0m 2.558 ms - 424[0m
[34m2026-08-18 10:40:40 [debug]: Client connected: v-Z3ZAFHrVRpdwx-AAAb [39m
[0mGET /assets/usePlaylist-BBtUux_C.js [32m200[0m 4.078 ms - 15872[0m
[0mGET /assets/usePlayback-SotyJHUg.js [32m200[0m 4.254 ms - 4685[0m
[0mGET /assets/LayoutsPage-Dk3eTys6.js [32m200[0m 4.315 ms - 13422[0m
[0mGET /assets/usePresets-DBLYf6c2.js [32m200[0m 3.588 ms - 5812[0m
[0mGET /assets/QBadge-DFiYrLE-.js [32m200[0m 3.062 ms - 923[0m
[0mGET /assets/QPage-2dbRtnEZ.js [32m200[0m 3.121 ms - 895[0m
[0mGET /assets/QChip-CO2kQHuj.js [32m200[0m 3.176 ms - 2692[0m
[0mGET /assets/QSelect-CyAom-Wk.js [32m200[0m 3.766 ms - 28464[0m
[0mGET /assets/QItemLabel-16AnUW02.js [32m200[0m 3.752 ms - 668[0m
[0mGET /assets/QTabPanels-BPSk0AcB.js [32m200[0m 2.083 ms - 7042[0m
[0mGET /assets/useSources-Bm1_niBm.js [32m200[0m 2.738 ms - 646[0m
[0mGET /assets/PageHeader-CjayB-pc.js [32m200[0m 1.679 ms - 833[0m
[0mGET /favicon.ico [36m304[0m 0.341 ms - -[0m
[0mGET /assets/KFOMCnqEu92Fr1ME7kSn66aGLdTylUAMQXC89YmC2DPNWubEbVmUiAw-3fZ6d7DD.woff [32m200[0m 1.214 ms - 25192[0m
[0mGET /icons.svg [36m304[0m 0.404 ms - -[0m
[0mGET /assets/KFOMCnqEu92Fr1ME7kSn66aGLdTylUAMQXC89YmC2DPNWuYjalmUiAw-BepdiOnY.woff [32m200[0m 1.260 ms - 25552[0m
[0mGET /assets/flUhRq6tzZclQEJ-Vdg-IuiaDsNcIhQ8tQ-D-x-0Q06.woff2 [32m200[0m 1.527 ms - 128616[0m
[0mGET /assets/KFOMCnqEu92Fr1ME7kSn66aGLdTylUAMQXC89YmC2DPNWub2bVmUiAw-CHKg1YId.woff [32m200[0m 1.843 ms - 25396[0m
[32m2026-08-18 10:40:41 [info]: Command sent to player: {"command":"get_displays"} [39m
[0mGET /api/player/displays [36m304[0m 1.163 ms - -[0m
[0mGET /api/sources [36m304[0m 1.765 ms - -[0m
[0mGET / [36m304[0m 0.555 ms - -[0m
[34m2026-08-20 08:49:11 [debug]: Client disconnected: v-Z3ZAFHrVRpdwx-AAAb [39m
[0mGET /assets/index-CV8QM27o.css [36m304[0m 0.480 ms - -[0m
[0mGET /assets/index-BDd5WIwv.js [32m200[0m 49.950 ms - 256331[0m
[0mGET /assets/i18n-BcLLFtH2.js [32m200[0m 16.723 ms - 43889[0m
[0mGET /assets/vue-i18n-Cc9NqcMq.js [32m200[0m 38.802 ms - 58980[0m
[0mGET /assets/useStatus-CG_LLZyZ.js [32m200[0m 19.610 ms - 3330[0m
[0mGET /assets/KFOMCnqEu92Fr1ME7kSn66aGLdTylUAMQXC89YmC2DPNWubEbVmUiAw-3fZ6d7DD.woff [36m304[0m 0.670 ms - -[0m
[0mGET /assets/axios-DaLiEKoC.js [32m200[0m 23.328 ms - 333[0m
[0mGET /assets/index-xsH4HHeE.js [36m304[0m 1.265 ms - -[0m
[0mGET /assets/useApi-9rvi9Eef.js [32m200[0m 23.721 ms - 766[0m
[0mGET /assets/socketio-BTlxCCF3.js [32m200[0m 24.925 ms - 42965[0m
[0mGET /favicon.ico [36m304[0m 0.495 ms - -[0m
[0mGET /assets/theme-DzuTVao7.js [32m200[0m 9.554 ms - 126[0m
[0mGET /assets/use-quasar-B_Y34qwE.js [32m200[0m 33.181 ms - 84[0m
[0mGET /assets/useTheme-lglqJI85.js [32m200[0m 26.295 ms - 321[0m
[0mGET /assets/QList-CXK0mE8S.js [32m200[0m 19.060 ms - 608[0m
[0mGET /assets/_plugin-vue_export-helper-d1A8Kja6.js [32m200[0m 20.500 ms - 2557[0m
[0mGET /assets/MainLayout-LOYRshbj.js [32m200[0m 21.168 ms - 28053[0m
[0mGET /assets/rtl-D3ycdr-7.js [32m200[0m 20.834 ms - 11472[0m
[0mGET /assets/TransportBar-k2H1NgAX.css [36m304[0m 0.964 ms - -[0m
[0mGET /assets/MainLayout-BPy1LimP.css [36m304[0m 1.114 ms - -[0m
[0mGET /assets/usePresets-BeFm9EEb.css [36m304[0m 1.221 ms - -[0m
[0mGET /assets/format-BlxXUd6Y.js [32m200[0m 29.890 ms - 4232[0m
[0mGET /assets/LayoutsPage-D_Vszsjk.css [32m200[0m 8.368 ms - 866[0m
[0mGET /assets/QTabs-CpdLnHZV.js [32m200[0m 32.175 ms - 12915[0m
[0mGET /assets/touch-BjYP5sR0.js [36m304[0m 7.000 ms - -[0m
[0mGET /assets/confirmDialog-Dh4PkzIY.js [32m200[0m 17.623 ms - 10646[0m
[0mGET /assets/TransportBar-BuKTSbJy.js [32m200[0m 19.413 ms - 8297[0m
[0mGET /assets/use-dialog-plugin-component-D7B-bP2S.js [32m200[0m 30.597 ms - 443[0m
[0mGET /assets/DelayedTooltip-DEUapGMy.js [32m200[0m 23.837 ms - 424[0m
[0mGET /assets/usePlaylist-BBtUux_C.js [32m200[0m 25.514 ms - 15872[0m
[0mGET /assets/usePlayback-SotyJHUg.js [32m200[0m 22.481 ms - 4685[0m
[0mGET /assets/LayoutsPage-Dk3eTys6.js [32m200[0m 21.972 ms - 13422[0m
[0mGET /assets/QBadge-DFiYrLE-.js [32m200[0m 18.893 ms - 923[0m
[0mGET /assets/QPage-2dbRtnEZ.js [32m200[0m 14.159 ms - 895[0m
[34m2026-08-20 08:49:11 [debug]: Client connected: jNdohNjd4PXQF5bgAAAd [39m
[0mGET /assets/usePresets-DBLYf6c2.js [32m200[0m 25.036 ms - 5812[0m
[0mGET /assets/QChip-CO2kQHuj.js [32m200[0m 15.702 ms - 2692[0m
[0mGET /assets/QItemLabel-16AnUW02.js [32m200[0m 15.296 ms - 668[0m
[0mGET /assets/QSelect-CyAom-Wk.js [32m200[0m 26.306 ms - 28464[0m
[0mGET /assets/QTabPanels-BPSk0AcB.js [32m200[0m 26.047 ms - 7042[0m
[0mGET /assets/PageHeader-CjayB-pc.js [32m200[0m 11.233 ms - 833[0m
[0mGET /assets/useSources-Bm1_niBm.js [32m200[0m 21.050 ms - 646[0m
[0mGET /icons.svg [36m304[0m 0.344 ms - -[0m
[0mGET /assets/KFOMCnqEu92Fr1ME7kSn66aGLdTylUAMQXC89YmC2DPNWuYjalmUiAw-BepdiOnY.woff [36m304[0m 0.858 ms - -[0m
[0mGET /assets/flUhRq6tzZclQEJ-Vdg-IuiaDsNcIhQ8tQ-D-x-0Q06.woff2 [36m304[0m 0.890 ms - -[0m
[0mGET /assets/KFOMCnqEu92Fr1ME7kSn66aGLdTylUAMQXC89YmC2DPNWub2bVmUiAw-CHKg1YId.woff [36m304[0m 1.093 ms - -[0m
[32m2026-08-20 08:49:12 [info]: Command sent to player: {"command":"get_displays"} [39m
[0mGET /api/player/displays [36m304[0m 1.406 ms - -[0m
[0mGET /api/sources [36m304[0m 1.986 ms - -[0m
[0mGET / [32m200[0m 20.424 ms - 876[0m
[34m2026-08-20 08:55:32 [debug]: Client disconnected: lwM1kwdt8OikhJ6-AAAZ [39m
[0mGET /assets/index-CV8QM27o.css [32m200[0m 8.045 ms - 205517[0m
[0mGET /assets/index-DaouvkNK.js [32m200[0m 42.651 ms - 256331[0m
[0mGET /assets/i18n-Bo0rRDse.js [32m200[0m 21.927 ms - 43889[0m
[0mGET /assets/KFOMCnqEu92Fr1ME7kSn66aGLdTylUAMQXC89YmC2DPNWubEbVmUiAw-3fZ6d7DD.woff [32m200[0m 9.718 ms - 25192[0m
[0mGET /assets/vue-i18n-6vh_52je.js [32m200[0m 22.308 ms - 58980[0m
[0mGET /assets/axios-CAWj0wZR.js [32m200[0m 17.528 ms - 333[0m
[0mGET /assets/useApi-Cn1subzg.js [32m200[0m 42.261 ms - 766[0m
[0mGET /assets/useStatus-DEWqIRUS.js [32m200[0m 44.829 ms - 3330[0m
[0mGET /assets/index-xsH4HHeE.js [32m200[0m 60.425 ms - 35205[0m
[0mGET /assets/theme-CYezgHgL.js [32m200[0m 52.136 ms - 126[0m
[0mGET /assets/socketio-BgYqBcqn.js [32m200[0m 68.619 ms - 42965[0m
[0mGET /assets/use-quasar-B8kw5XZP.js [32m200[0m 59.889 ms - 84[0m
[0mGET /favicon.ico [32m200[0m 20.541 ms - 32012[0m
[0mGET /assets/useTheme-H-Tz3GOc.js [32m200[0m 21.232 ms - 321[0m
[0mGET /assets/_plugin-vue_export-helper-BN8FKvZY.js [32m200[0m 18.114 ms - 2557[0m
[0mGET /assets/QList-DiD1iXxR.js [32m200[0m 17.989 ms - 608[0m
[0mGET /assets/MainLayout-BPBdW0K-.js [32m200[0m 18.984 ms - 28053[0m
[0mGET /assets/rtl-Ccrpa89I.js [32m200[0m 18.833 ms - 11472[0m
[0mGET /assets/TransportBar-k2H1NgAX.css [32m200[0m 12.413 ms - 399[0m
[0mGET /assets/MainLayout-BPy1LimP.css [32m200[0m 19.819 ms - 1435[0m
[0mGET /assets/LayoutsPage-DHIPI0Qa.css [32m200[0m 19.377 ms - 628[0m
[0mGET /assets/format-BY4f1uoU.js [32m200[0m 41.365 ms - 4232[0m
[0mGET /assets/usePresets-BeFm9EEb.css [32m200[0m 21.311 ms - 1373[0m
[0mGET /assets/QTabs-BGMIYbwP.js [32m200[0m 45.682 ms - 12915[0m
[0mGET /assets/DelayedTooltip-qylAK1AF.js [32m200[0m 15.526 ms - 424[0m
[0mGET /assets/TransportBar-CxBReksP.js [32m200[0m 16.459 ms - 8297[0m
[0mGET /assets/use-dialog-plugin-component-Co8b9A9X.js [32m200[0m 19.086 ms - 443[0m
[0mGET /assets/confirmDialog-COWuw0Xb.js [32m200[0m 44.690 ms - 10646[0m
[0mGET /assets/touch-BjYP5sR0.js [32m200[0m 31.034 ms - 667[0m
[0mGET /assets/usePlaylist-CdepcVLV.js [32m200[0m 40.055 ms - 15872[0m
[0mGET /assets/usePlayback-DWeafZ3Z.js [32m200[0m 31.208 ms - 4685[0m
[0mGET /assets/LayoutsPage-BmjrDJ_q.js [32m200[0m 31.256 ms - 13622[0m
[0mGET /assets/QItemLabel-W26ma0zL.js [32m200[0m 16.220 ms - 668[0m
[0mGET /assets/QChip-CckL7hp3.js [32m200[0m 27.787 ms - 2692[0m
[0mGET /assets/QBadge-WqKB2F3Z.js [32m200[0m 13.737 ms - 923[0m
[0mGET /assets/usePresets-dXdWJYTU.js [32m200[0m 15.386 ms - 5812[0m
[0mGET /assets/QPage-BAnib4I_.js [32m200[0m 24.051 ms - 895[0m
[0mGET /assets/QSelect-BAe2FQNN.js [32m200[0m 48.052 ms - 28464[0m
[34m2026-08-20 08:55:32 [debug]: Client connected: XYVSdeBFcjR4PARYAAAf [39m
[0mGET /assets/useSources-BAXQIF-K.js [32m200[0m 14.030 ms - 646[0m
[0mGET /assets/QTabPanels-CNlaMw9W.js [32m200[0m 27.375 ms - 7042[0m
[0mGET /assets/PageHeader-CQagkzt5.js [32m200[0m 15.105 ms - 833[0m
[0mGET /icons.svg [36m304[0m 0.283 ms - -[0m
[0mGET /assets/KFOMCnqEu92Fr1ME7kSn66aGLdTylUAMQXC89YmC2DPNWuYjalmUiAw-BepdiOnY.woff [32m200[0m 7.130 ms - 25552[0m
[0mGET /assets/flUhRq6tzZclQEJ-Vdg-IuiaDsNcIhQ8tQ-D-x-0Q06.woff2 [32m200[0m 6.338 ms - 128616[0m
[0mGET /assets/KFOMCnqEu92Fr1ME7kSn66aGLdTylUAMQXC89YmC2DPNWub2bVmUiAw-CHKg1YId.woff [32m200[0m 6.613 ms - 25396[0m
[32m2026-08-20 08:55:32 [info]: Command sent to player: {"command":"get_displays"} [39m
[0mGET /api/player/displays [36m304[0m 0.575 ms - -[0m
[0mGET /api/sources [36m304[0m 0.520 ms - -[0m
[0mGET / [32m200[0m 0.803 ms - 876[0m
[34m2026-08-20 09:56:11 [debug]: Client disconnected: jNdohNjd4PXQF5bgAAAd [39m
[0mGET /assets/index-DaouvkNK.js [32m200[0m 1.160 ms - 256331[0m
[0mGET /assets/index-CV8QM27o.css [32m200[0m 1.361 ms - 205517[0m
[0mGET /assets/i18n-Bo0rRDse.js [32m200[0m 1.181 ms - 43889[0m
[0mGET /assets/vue-i18n-6vh_52je.js [32m200[0m 1.257 ms - 58980[0m
[0mGET /assets/axios-CAWj0wZR.js [32m200[0m 1.858 ms - 333[0m
[0mGET /assets/socketio-BgYqBcqn.js [32m200[0m 1.950 ms - 42965[0m
[0mGET /assets/useStatus-DEWqIRUS.js [32m200[0m 2.089 ms - 3330[0m
[0mGET /assets/useApi-Cn1subzg.js [32m200[0m 2.142 ms - 766[0m
[0mGET /assets/use-quasar-B8kw5XZP.js [32m200[0m 1.916 ms - 84[0m
[0mGET /assets/theme-CYezgHgL.js [32m200[0m 1.992 ms - 126[0m
[0mGET /assets/index-xsH4HHeE.js [32m200[0m 1.699 ms - 35205[0m
[0mGET /assets/useTheme-H-Tz3GOc.js [32m200[0m 2.441 ms - 321[0m
[0mGET /favicon.ico [36m304[0m 0.303 ms - -[0m
[0mGET /assets/_plugin-vue_export-helper-BN8FKvZY.js [32m200[0m 2.488 ms - 2557[0m
[0mGET /assets/MainLayout-BPBdW0K-.js [32m200[0m 3.263 ms - 28053[0m
[0mGET /assets/rtl-Ccrpa89I.js [32m200[0m 3.256 ms - 11472[0m
[0mGET /assets/QList-DiD1iXxR.js [32m200[0m 2.976 ms - 608[0m
[0mGET /assets/format-BY4f1uoU.js [32m200[0m 3.035 ms - 4232[0m
[0mGET /assets/QTabs-BGMIYbwP.js [32m200[0m 3.137 ms - 12915[0m
[0mGET /assets/TransportBar-k2H1NgAX.css [32m200[0m 2.188 ms - 399[0m
[0mGET /assets/MainLayout-BPy1LimP.css [32m200[0m 1.931 ms - 1435[0m
[0mGET /assets/LayoutsPage-DHIPI0Qa.css [32m200[0m 2.620 ms - 628[0m
[0mGET /assets/usePresets-BeFm9EEb.css [32m200[0m 2.809 ms - 1373[0m
[0mGET /assets/KFOMCnqEu92Fr1ME7kSn66aGLdTylUAMQXC89YmC2DPNWubEbVmUiAw-3fZ6d7DD.woff [32m200[0m 2.423 ms - 25192[0m
[0mGET /assets/confirmDialog-COWuw0Xb.js [32m200[0m 2.524 ms - 10646[0m
[0mGET /assets/use-dialog-plugin-component-Co8b9A9X.js [32m200[0m 0.817 ms - 443[0m
[34m2026-08-20 09:56:11 [debug]: Client connected: 8-2OEu8-U-ZVFTEhAAAh [39m
[0mGET /assets/TransportBar-CxBReksP.js [32m200[0m 3.960 ms - 8297[0m
[0mGET /assets/DelayedTooltip-qylAK1AF.js [32m200[0m 3.969 ms - 424[0m
[0mGET /assets/usePlaylist-CdepcVLV.js [32m200[0m 4.507 ms - 15872[0m
[0mGET /assets/usePlayback-DWeafZ3Z.js [32m200[0m 4.063 ms - 4685[0m
[0mGET /assets/touch-BjYP5sR0.js [32m200[0m 3.353 ms - 667[0m
[0mGET /assets/LayoutsPage-BmjrDJ_q.js [32m200[0m 1.206 ms - 13622[0m
[0mGET /assets/QSelect-BAe2FQNN.js [32m200[0m 0.831 ms - 28464[0m
[0mGET /assets/QChip-CckL7hp3.js [32m200[0m 1.327 ms - 2692[0m
[0mGET /assets/QItemLabel-W26ma0zL.js [32m200[0m 2.214 ms - 668[0m
[0mGET /assets/QPage-BAnib4I_.js [32m200[0m 2.216 ms - 895[0m
[0mGET /assets/usePresets-dXdWJYTU.js [32m200[0m 2.637 ms - 5812[0m
[0mGET /assets/QBadge-WqKB2F3Z.js [32m200[0m 4.252 ms - 923[0m
[0mGET /assets/QTabPanels-CNlaMw9W.js [32m200[0m 4.306 ms - 7042[0m
[0mGET /assets/useSources-BAXQIF-K.js [32m200[0m 2.453 ms - 646[0m
[0mGET /assets/PageHeader-CQagkzt5.js [32m200[0m 2.339 ms - 833[0m
[0mGET /icons.svg [36m304[0m 0.282 ms - -[0m
[0mGET /assets/KFOMCnqEu92Fr1ME7kSn66aGLdTylUAMQXC89YmC2DPNWuYjalmUiAw-BepdiOnY.woff [32m200[0m 1.470 ms - 25552[0m
[0mGET /assets/KFOMCnqEu92Fr1ME7kSn66aGLdTylUAMQXC89YmC2DPNWub2bVmUiAw-CHKg1YId.woff [32m200[0m 1.506 ms - 25396[0m
[0mGET /assets/flUhRq6tzZclQEJ-Vdg-IuiaDsNcIhQ8tQ-D-x-0Q06.woff2 [32m200[0m 1.496 ms - 128616[0m
[32m2026-08-20 09:56:11 [info]: Command sent to player: {"command":"get_displays"} [39m
[0mGET /api/player/displays [36m304[0m 1.151 ms - -[0m
[0mGET /api/sources [36m304[0m 1.658 ms - -[0m
[0mGET /assets/IndexPage-CEt6SNF5.js [33m404[0m 0.941 ms - 167[0m
[0mGET /assets/PreloadBadge-C08Xs3vX.js [33m404[0m 1.089 ms - 170[0m
[0mGET /assets/audioDevice-B4Ctuw4Y.js [33m404[0m 1.629 ms - 169[0m
[0mGET /assets/audioDevice-CN6qpF_l.css [32m200[0m 8.018 ms - 198[0m
[0mGET /assets/IndexPage-D4xI7vKR.css [32m200[0m 8.331 ms - 595[0m
[0mGET / [32m200[0m 21.823 ms - 876[0m
[34m2026-08-20 09:59:14 [debug]: Client disconnected: XYVSdeBFcjR4PARYAAAf [39m
[0mGET /assets/index-DYOJ7IWY.css [32m200[0m 11.714 ms - 205518[0m
[0mGET /assets/index-e0SI9yI7.js [32m200[0m 70.953 ms - 256331[0m
[0mGET /assets/i18n-0m_3PTY4.js [32m200[0m 21.645 ms - 43889[0m
[0mGET /assets/axios-Dowv2nd0.js [32m200[0m 20.844 ms - 333[0m
[0mGET /assets/vue-i18n-BegGxlUr.js [32m200[0m 21.892 ms - 58980[0m
[0mGET /assets/KFOMCnqEu92Fr1ME7kSn66aGLdTylUAMQXC89YmC2DPNWubEbVmUiAw-3fZ6d7DD.woff [32m200[0m 39.212 ms - 25192[0m
[0mGET /assets/useStatus-B6AhPsXi.js [32m200[0m 57.123 ms - 3330[0m
[0mGET /assets/index-xsH4HHeE.js [32m200[0m 75.025 ms - 35205[0m
[0mGET /assets/socketio-DyTq2PT1.js [32m200[0m 78.369 ms - 42965[0m
[0mGET /assets/use-quasar-CjU0riQI.js [32m200[0m 59.999 ms - 84[0m
[0mGET /assets/useApi-CFv3oaDe.js [32m200[0m 61.591 ms - 766[0m
[0mGET /favicon.ico [32m200[0m 11.523 ms - 32012[0m
[0mGET /assets/theme-Beolj18N.js [32m200[0m 37.334 ms - 126[0m
[0mGET /assets/useTheme-BKWmfiQi.js [32m200[0m 36.051 ms - 321[0m
[0mGET /assets/_plugin-vue_export-helper-DZrFzT-T.js [32m200[0m 28.702 ms - 2557[0m
[0mGET /assets/QList-cUbNrjjb.js [32m200[0m 27.551 ms - 608[0m
[0mGET /assets/MainLayout-CbIHbpc-.js [32m200[0m 29.598 ms - 28053[0m
[0mGET /assets/TransportBar-k2H1NgAX.css [32m200[0m 2.620 ms - 399[0m
[0mGET /assets/MainLayout-BPy1LimP.css [32m200[0m 6.837 ms - 1435[0m
[0mGET /assets/audioDevice-CN6qpF_l.css [36m304[0m 4.872 ms - -[0m
[0mGET /assets/rtl-DbLal1ub.js [32m200[0m 38.100 ms - 11472[0m
[0mGET /assets/IndexPage-D4xI7vKR.css [36m304[0m 0.602 ms - -[0m
[0mGET /assets/usePresets-BeFm9EEb.css [32m200[0m 12.042 ms - 1373[0m
[0mGET /assets/format-DjolLD0o.js [32m200[0m 50.514 ms - 4232[0m
[0mGET /assets/touch-BjYP5sR0.js [32m200[0m 10.878 ms - 667[0m
[0mGET /assets/QTabs-ioYiXfv5.js [32m200[0m 52.465 ms - 12915[0m
[0mGET /assets/use-dialog-plugin-component-D7cQc04f.js [32m200[0m 19.469 ms - 443[0m
[0mGET /assets/confirmDialog-XrDlPQJX.js [32m200[0m 34.093 ms - 10646[0m
[0mGET /assets/DelayedTooltip-PDp6NAMO.js [32m200[0m 21.323 ms - 424[0m
[0mGET /assets/TransportBar-DgwY9B7M.js [32m200[0m 41.277 ms - 8297[0m
[0mGET /assets/IndexPage-BhtZUdBY.js [32m200[0m 41.939 ms - 9911[0m
[0mGET /assets/usePlaylist-D3PQ1glA.js [32m200[0m 50.475 ms - 15872[0m
[0mGET /assets/usePlayback-BxU4K21l.js [32m200[0m 50.290 ms - 4685[0m
[0mGET /assets/QPage-CGEkWPhN.js [32m200[0m 31.073 ms - 895[0m
[0mGET /assets/PageHeader-BOnK9bPQ.js [32m200[0m 45.316 ms - 833[0m
[0mGET /assets/QItemLabel-CHZud_1B.js [32m200[0m 48.811 ms - 668[0m
[0mGET /assets/QBadge-D7STssJ7.js [32m200[0m 30.732 ms - 923[0m
[34m2026-08-20 09:59:14 [debug]: Client connected: wDcM64PlhBW3crMYAAAj [39m
[0mGET /assets/QChip-SIvAo5q_.js [32m200[0m 36.852 ms - 2692[0m
[0mGET /assets/PreloadBadge-DviTpZRZ.js [32m200[0m 37.246 ms - 914[0m
[0mGET /assets/QSelect-CCtbwPyC.js [32m200[0m 48.554 ms - 28464[0m
[0mGET /assets/usePresets-9rmkIjG1.js [32m200[0m 36.949 ms - 5812[0m
[0mGET /assets/audioDevice-BTHLgJnX.js [32m200[0m 32.043 ms - 4783[0m
[0mGET /icons.svg [36m304[0m 0.317 ms - -[0m
[0mGET /assets/KFOMCnqEu92Fr1ME7kSn66aGLdTylUAMQXC89YmC2DPNWuYjalmUiAw-BepdiOnY.woff [32m200[0m 6.287 ms - 25552[0m
[0mGET /assets/KFOMCnqEu92Fr1ME7kSn66aGLdTylUAMQXC89YmC2DPNWub2bVmUiAw-CHKg1YId.woff [32m200[0m 6.609 ms - 25396[0m
[0mGET /assets/flUhRq6tzZclQEJ-Vdg-IuiaDsNcIhQ8tQ-D-x-0Q06.woff2 [32m200[0m 7.286 ms - 128616[0m
[0mGET /api/playlist [36m304[0m 2.476 ms - -[0m
[32m2026-08-20 09:59:14 [info]: Command sent to player: {"command":"get_audio_devices"} [39m
[0mGET /api/player/audio_devices [36m304[0m 0.526 ms - -[0m
[0mGET /api/player/presets [36m304[0m 0.502 ms - -[0m
[0mGET /assets/SettingsPage-CNH-7M5y.js [33m404[0m 1.122 ms - 170[0m
[0mGET /assets/QTabPanels-qx6wba47.js [33m404[0m 1.147 ms - 168[0m
[0mGET /assets/deleteFile-DvSZr6hk.js [33m404[0m 1.341 ms - 168[0m
[0mGET /assets/SettingsPage-DG_AGZaY.css [33m404[0m 1.148 ms - 171[0m
[0mGET / [32m200[0m 25.737 ms - 876[0m
[34m2026-08-20 10:03:07 [debug]: Client disconnected: wDcM64PlhBW3crMYAAAj [39m
[0mGET /assets/index-DYOJ7IWY.css [32m200[0m 9.148 ms - 205518[0m
[0mGET /assets/index-Dn1XoZUJ.js [32m200[0m 39.764 ms - 256331[0m
[0mGET /assets/axios-BDr4SvIo.js [32m200[0m 18.760 ms - 333[0m
[0mGET /assets/KFOMCnqEu92Fr1ME7kSn66aGLdTylUAMQXC89YmC2DPNWubEbVmUiAw-3fZ6d7DD.woff [32m200[0m 14.306 ms - 25192[0m
[0mGET /assets/i18n-CD5GC-bJ.js [32m200[0m 20.843 ms - 43889[0m
[0mGET /assets/vue-i18n-DSAwF_s8.js [32m200[0m 20.782 ms - 58980[0m
[0mGET /assets/index-xsH4HHeE.js [32m200[0m 44.877 ms - 35205[0m
[0mGET /assets/useApi-CTn-WPLu.js [32m200[0m 42.184 ms - 766[0m
[0mGET /assets/use-quasar-67YlqpMI.js [32m200[0m 41.098 ms - 84[0m
[0mGET /assets/useStatus-DxKj4oHF.js [32m200[0m 45.166 ms - 3330[0m
[0mGET /favicon.ico [32m200[0m 7.212 ms - 32012[0m
[0mGET /assets/theme-BlIYkPRJ.js [32m200[0m 52.722 ms - 126[0m
[0mGET /assets/socketio-B4tdgVGs.js [32m200[0m 74.893 ms - 42965[0m
[0mGET /assets/useTheme-DCXTMaWZ.js [32m200[0m 36.219 ms - 321[0m
[0mGET /assets/_plugin-vue_export-helper-DpaxQjsg.js [32m200[0m 18.739 ms - 2557[0m
[0mGET /assets/rtl-z8a7yHid.js [32m200[0m 18.879 ms - 11472[0m
[0mGET /assets/MainLayout-HsTD61yp.js [32m200[0m 19.522 ms - 28053[0m
[0mGET /assets/TransportBar-k2H1NgAX.css [32m200[0m 3.026 ms - 399[0m
[0mGET /assets/MainLayout-BPy1LimP.css [32m200[0m 10.266 ms - 1435[0m
[0mGET /assets/audioDevice-CN6qpF_l.css [32m200[0m 10.573 ms - 198[0m
[0mGET /assets/QList-BJIhrUcD.js [32m200[0m 33.630 ms - 608[0m
[0mGET /assets/SettingsPage-rJcCHHKW.css [32m200[0m 26.270 ms - 2290[0m
[0mGET /assets/format-BgmMnU67.js [32m200[0m 50.294 ms - 4232[0m
[0mGET /assets/touch-BjYP5sR0.js [32m200[0m 16.591 ms - 667[0m
[0mGET /assets/use-dialog-plugin-component-BMfKphdW.js [32m200[0m 28.227 ms - 443[0m
[0mGET /assets/confirmDialog-DLUcqmie.js [32m200[0m 40.547 ms - 10646[0m
[0mGET /assets/QTabs-CXdDAML0.js [32m200[0m 72.329 ms - 12915[0m
[0mGET /assets/DelayedTooltip-B4kv9kdK.js [32m200[0m 31.331 ms - 424[0m
[0mGET /assets/TransportBar-DrSYrgUb.js [32m200[0m 43.808 ms - 8297[0m
[0mGET /assets/usePlaylist-BOG-dDRS.js [32m200[0m 42.742 ms - 15872[0m
[0mGET /assets/usePlayback-D4vjZgts.js [32m200[0m 41.816 ms - 4685[0m
[0mGET /assets/PageHeader-kiqs1HaO.js [32m200[0m 29.242 ms - 833[0m
[0mGET /assets/QPage-Dr0rd8gN.js [32m200[0m 40.338 ms - 895[0m
[0mGET /assets/audioDevice-BoCw2odC.js [32m200[0m 19.702 ms - 4783[0m
[0mGET /assets/SettingsPage-BDN8eqcS.js [32m200[0m 44.430 ms - 44237[0m
[0mGET /assets/QChip-nJ2-ObuK.js [32m200[0m 20.651 ms - 2692[0m
[0mGET /assets/QItemLabel-BLEUjv6-.js [32m200[0m 39.997 ms - 668[0m
[34m2026-08-20 10:03:08 [debug]: Client connected: pCR1Kw-cUflUdTn0AAAl [39m
[0mGET /assets/QTabPanels-Ci7kUe9m.js [32m200[0m 35.946 ms - 7042[0m
[0mGET /assets/QSelect-ccYr72lt.js [32m200[0m 54.150 ms - 28464[0m
[0mGET /assets/QBadge-CXc8_b47.js [32m200[0m 39.739 ms - 923[0m
[0mGET /assets/deleteFile-DQwHBHAd.js [32m200[0m 52.172 ms - 16608[0m
[0mGET /icons.svg [36m304[0m 0.410 ms - -[0m
[0mGET /assets/flUhRq6tzZclQEJ-Vdg-IuiaDsNcIhQ8tQ-D-x-0Q06.woff2 [32m200[0m 6.579 ms - 128616[0m
[0mGET /assets/KFOMCnqEu92Fr1ME7kSn66aGLdTylUAMQXC89YmC2DPNWuYjalmUiAw-BepdiOnY.woff [32m200[0m 7.549 ms - 25552[0m
[0mGET /assets/KFOMCnqEu92Fr1ME7kSn66aGLdTylUAMQXC89YmC2DPNWub2bVmUiAw-CHKg1YId.woff [32m200[0m 7.224 ms - 25396[0m
[0mGET /api/playlist [36m304[0m 0.920 ms - -[0m
[32m2026-08-20 10:03:08 [info]: Command sent to player: {"command":"get_audio_devices"} [39m
[0mGET /api/player/audio_devices [36m304[0m 0.358 ms - -[0m
[0mGET /assets/NanumGothic-Regular-DZXllXnW.woff2 [32m200[0m 11.321 ms - 696072[0m
[0mGET / [32m200[0m 0.843 ms - 876[0m
[34m2026-08-20 10:19:45 [debug]: Client disconnected: 8-2OEu8-U-ZVFTEhAAAh [39m
[0mGET /assets/index-DYOJ7IWY.css [32m200[0m 0.579 ms - 205518[0m
[0mGET /assets/index-Dn1XoZUJ.js [32m200[0m 1.577 ms - 256331[0m
[0mGET /assets/vue-i18n-DSAwF_s8.js [32m200[0m 0.863 ms - 58980[0m
[0mGET /assets/i18n-CD5GC-bJ.js [32m200[0m 1.949 ms - 43889[0m
[0mGET /assets/axios-BDr4SvIo.js [32m200[0m 1.330 ms - 333[0m
[0mGET /assets/socketio-B4tdgVGs.js [32m200[0m 1.400 ms - 42965[0m
[0mGET /assets/index-xsH4HHeE.js [32m200[0m 1.184 ms - 35205[0m
[0mGET /assets/useStatus-DxKj4oHF.js [32m200[0m 1.783 ms - 3330[0m
[0mGET /assets/useApi-CTn-WPLu.js [32m200[0m 1.656 ms - 766[0m
[0mGET /assets/use-quasar-67YlqpMI.js [32m200[0m 1.604 ms - 84[0m
[0mGET /assets/theme-BlIYkPRJ.js [32m200[0m 1.468 ms - 126[0m
[0mGET /assets/useTheme-DCXTMaWZ.js [32m200[0m 1.583 ms - 321[0m
[0mGET /assets/MainLayout-HsTD61yp.js [32m200[0m 1.042 ms - 28053[0m
[0mGET /assets/_plugin-vue_export-helper-DpaxQjsg.js [32m200[0m 1.836 ms - 2557[0m
[0mGET /assets/rtl-z8a7yHid.js [32m200[0m 1.735 ms - 11472[0m
[0mGET /assets/QList-BJIhrUcD.js [32m200[0m 1.968 ms - 608[0m
[0mGET /assets/format-BgmMnU67.js [32m200[0m 2.097 ms - 4232[0m
[0mGET /assets/QTabs-CXdDAML0.js [32m200[0m 2.283 ms - 12915[0m
[0mGET /assets/TransportBar-k2H1NgAX.css [32m200[0m 2.054 ms - 399[0m
[0mGET /assets/MainLayout-BPy1LimP.css [32m200[0m 2.375 ms - 1435[0m
[0mGET /assets/confirmDialog-DLUcqmie.js [32m200[0m 3.611 ms - 10646[0m
[0mGET /assets/use-dialog-plugin-component-BMfKphdW.js [32m200[0m 3.192 ms - 443[0m
[0mGET /assets/touch-BjYP5sR0.js [32m200[0m 2.723 ms - 667[0m
[0mGET /assets/TransportBar-DrSYrgUb.js [32m200[0m 2.010 ms - 8297[0m
[0mGET /assets/DelayedTooltip-B4kv9kdK.js [32m200[0m 1.546 ms - 424[0m
[0mGET /assets/usePlaylist-BOG-dDRS.js [32m200[0m 1.784 ms - 15872[0m
[34m2026-08-20 10:19:45 [debug]: Client connected: JCVi9l3zo55f9kgYAAAn [39m
[0mGET /assets/usePlayback-D4vjZgts.js [32m200[0m 3.893 ms - 4685[0m
[0mGET /assets/LayoutsPage-Cf0HyL_b.css [32m200[0m 11.947 ms - 628[0m
[0mGET /assets/usePresets-BeFm9EEb.css [32m200[0m 12.774 ms - 1373[0m
[0mGET /assets/QChip-nJ2-ObuK.js [32m200[0m 2.185 ms - 2692[0m
[0mGET /assets/QSelect-ccYr72lt.js [32m200[0m 2.508 ms - 28464[0m
[0mGET /assets/QItemLabel-BLEUjv6-.js [32m200[0m 3.179 ms - 668[0m
[0mGET /assets/QPage-Dr0rd8gN.js [32m200[0m 2.442 ms - 895[0m
[0mGET /assets/QBadge-CXc8_b47.js [32m200[0m 1.340 ms - 923[0m
[0mGET /assets/QTabPanels-Ci7kUe9m.js [32m200[0m 0.635 ms - 7042[0m
[0mGET /assets/KFOMCnqEu92Fr1ME7kSn66aGLdTylUAMQXC89YmC2DPNWubEbVmUiAw-3fZ6d7DD.woff [32m200[0m 0.745 ms - 25192[0m
[0mGET /assets/PageHeader-kiqs1HaO.js [32m200[0m 1.200 ms - 833[0m
[0mGET /favicon.ico [36m304[0m 0.204 ms - -[0m
[0mGET /assets/usePresets-DoEdjVyS.js [32m200[0m 18.843 ms - 5812[0m
[0mGET /assets/useSources-BuFZEMtV.js [32m200[0m 20.837 ms - 646[0m
[0mGET /assets/LayoutsPage-DS0UE-1o.js [32m200[0m 36.205 ms - 12309[0m
[0mGET /icons.svg [36m304[0m 0.208 ms - -[0m
[0mGET /assets/KFOMCnqEu92Fr1ME7kSn66aGLdTylUAMQXC89YmC2DPNWuYjalmUiAw-BepdiOnY.woff [32m200[0m 2.062 ms - 25552[0m
[0mGET /assets/flUhRq6tzZclQEJ-Vdg-IuiaDsNcIhQ8tQ-D-x-0Q06.woff2 [32m200[0m 1.925 ms - 128616[0m
[0mGET /assets/KFOMCnqEu92Fr1ME7kSn66aGLdTylUAMQXC89YmC2DPNWub2bVmUiAw-CHKg1YId.woff [32m200[0m 2.418 ms - 25396[0m
[32m2026-08-20 10:19:45 [info]: Command sent to player: {"command":"get_displays"} [39m
[0mGET /api/player/displays [36m304[0m 0.878 ms - -[0m
[0mGET /api/sources [36m304[0m 1.359 ms - -[0m
[0mGET /assets/audioDevice-CN6qpF_l.css [32m200[0m 2.109 ms - 198[0m
[0mGET /assets/SettingsPage-rJcCHHKW.css [32m200[0m 2.249 ms - 2290[0m
[0mGET /assets/SettingsPage-BDN8eqcS.js [32m200[0m 2.274 ms - 44237[0m
[0mGET /assets/audioDevice-BoCw2odC.js [32m200[0m 2.201 ms - 4783[0m
[0mGET /assets/deleteFile-DQwHBHAd.js [32m200[0m 2.149 ms - 16608[0m
[0mGET /api/playlist [36m304[0m 0.939 ms - -[0m
[32m2026-08-20 10:20:17 [info]: Command sent to player: {"command":"get_audio_devices"} [39m
[0mGET /api/player/audio_devices [32m200[0m 1.278 ms - 45[0m
[0mGET /assets/NanumGothic-Regular-DZXllXnW.woff2 [32m200[0m 1.354 ms - 696072[0m
[0mGET /assets/FleetPage-CQkDY5Ek.css [32m200[0m 6.392 ms - 93[0m
[0mGET /assets/QMarkupTable-DBpJjsXw.js [32m200[0m 12.319 ms - 811[0m
[0mGET /assets/FleetPage-DLLP3tau.js [32m200[0m 17.168 ms - 13126[0m
[0mPOST /api/fleet/refresh [32m200[0m 0.574 ms - 11[0m
[0mGET /assets/IndexPage-D4xI7vKR.css [32m200[0m 1.748 ms - 595[0m
[0mGET /assets/PreloadBadge-C2Y7KCy7.js [32m200[0m 8.890 ms - 914[0m
[0mGET /assets/IndexPage-B9peNOol.js [32m200[0m 13.363 ms - 9911[0m
[0mGET /api/player/presets [32m200[0m 0.480 ms - 378[0m
[32m2026-08-20 10:20:25 [info]: Command sent to player: {"command":"get_audio_devices"} [39m
[0mGET /api/player/audio_devices [36m304[0m 0.680 ms - -[0m
[0mGET /assets/IndexPage-B9peNOol.js [33m404[0m 1.449 ms - 167[0m
[0mGET /assets/PreloadBadge-C2Y7KCy7.js [33m404[0m 1.432 ms - 170[0m
[0mGET /assets/usePresets-DoEdjVyS.js [33m404[0m 1.378 ms - 168[0m
[0mGET /assets/usePresets-BeFm9EEb.css [32m200[0m 2.239 ms - 1373[0m
[0mGET /assets/IndexPage-D4xI7vKR.css [32m200[0m 1.731 ms - 595[0m
[0mGET / [32m200[0m 21.282 ms - 876[0m
[34m2026-08-20 10:21:46 [debug]: Client disconnected: pCR1Kw-cUflUdTn0AAAl [39m
[0mGET /assets/index-BBHCJSDf.css [32m200[0m 20.501 ms - 205519[0m
[0mGET /assets/index-BlAhgXmA.js [32m200[0m 84.269 ms - 256331[0m
[0mGET /assets/axios-DEpQmnGR.js [32m200[0m 25.652 ms - 333[0m
[0mGET /assets/vue-i18n-Cc-oYtnr.js [32m200[0m 26.307 ms - 58980[0m
[0mGET /assets/i18n-vbjcYOy4.js [32m200[0m 28.170 ms - 43889[0m
[0mGET /assets/KFOMCnqEu92Fr1ME7kSn66aGLdTylUAMQXC89YmC2DPNWubEbVmUiAw-3fZ6d7DD.woff [32m200[0m 11.830 ms - 25192[0m
[0mGET /assets/useStatus-BRGfbtJj.js [32m200[0m 52.830 ms - 3330[0m
[0mGET /assets/index-xsH4HHeE.js [32m200[0m 53.587 ms - 35205[0m
[0mGET /assets/useApi-0S5XN7sB.js [32m200[0m 30.802 ms - 766[0m
[0mGET /assets/socketio-BkaY4B5-.js [32m200[0m 67.107 ms - 42965[0m
[0mGET /favicon.ico [32m200[0m 12.524 ms - 32012[0m
[0mGET /assets/theme-CZN0a2xa.js [32m200[0m 29.984 ms - 126[0m
[0mGET /assets/useTheme-CICFMIo5.js [32m200[0m 14.599 ms - 321[0m
[0mGET /assets/use-quasar-CDuOw0eR.js [32m200[0m 48.166 ms - 84[0m
[0mGET /assets/_plugin-vue_export-helper-B6tVjUNn.js [32m200[0m 18.323 ms - 2557[0m
[0mGET /assets/QList-v01idDfA.js [32m200[0m 17.389 ms - 608[0m
[0mGET /assets/rtl-D6JcZ08P.js [32m200[0m 17.812 ms - 11472[0m
[0mGET /assets/MainLayout-BSTyP_Wi.js [32m200[0m 19.233 ms - 28053[0m
[0mGET /assets/usePresets-BeFm9EEb.css [36m304[0m 0.737 ms - -[0m
[0mGET /assets/MainLayout-BPy1LimP.css [32m200[0m 1.850 ms - 1435[0m
[0mGET /assets/TransportBar-k2H1NgAX.css [32m200[0m 3.001 ms - 399[0m
[0mGET /assets/IndexPage-D4xI7vKR.css [36m304[0m 0.325 ms - -[0m
[0mGET /assets/audioDevice-CN6qpF_l.css [32m200[0m 7.543 ms - 198[0m
[0mGET /assets/QTabs-rk2BbY5J.js [32m200[0m 36.541 ms - 12915[0m
[0mGET /assets/format-CA6A4pah.js [32m200[0m 37.039 ms - 4232[0m
[0mGET /assets/use-dialog-plugin-component-BCjwfqAz.js [32m200[0m 24.271 ms - 443[0m
[0mGET /assets/confirmDialog-C2aa8vQG.js [32m200[0m 25.881 ms - 10646[0m
[0mGET /assets/touch-BjYP5sR0.js [32m200[0m 10.996 ms - 667[0m
[0mGET /assets/DelayedTooltip-D6BlXRGx.js [32m200[0m 25.702 ms - 424[0m
[0mGET /assets/TransportBar-BClEjpaD.js [32m200[0m 54.107 ms - 8297[0m
[0mGET /assets/usePlaylist-C0sfFQls.js [32m200[0m 39.307 ms - 15872[0m
[0mGET /assets/usePlayback-nnEasEou.js [32m200[0m 33.098 ms - 4685[0m
[0mGET /assets/QPage-C3LQUVsm.js [32m200[0m 38.683 ms - 895[0m
[0mGET /assets/IndexPage-BnKvli03.js [32m200[0m 39.485 ms - 9911[0m
[0mGET /assets/PageHeader-FLbvGuei.js [32m200[0m 37.303 ms - 833[0m
[0mGET /assets/QItemLabel-D8G0XkEF.js [32m200[0m 26.296 ms - 668[0m
[0mGET /assets/QBadge-BVJ5EhQa.js [32m200[0m 27.051 ms - 923[0m
[34m2026-08-20 10:21:46 [debug]: Client connected: kd0GkjuqlLBj9-FXAAAp [39m
[0mGET /assets/PreloadBadge-BTT3uve1.js [32m200[0m 27.069 ms - 914[0m
[0mGET /assets/QChip-D_W52boU.js [32m200[0m 31.093 ms - 2692[0m
[0mGET /assets/QSelect-BcGeppx2.js [32m200[0m 40.705 ms - 28464[0m
[0mGET /assets/usePresets-CSZ-heCJ.js [32m200[0m 34.910 ms - 5812[0m
[0mGET /assets/audioDevice-Lqtg7-AR.js [32m200[0m 30.973 ms - 4783[0m
[0mGET /icons.svg [36m304[0m 0.565 ms - -[0m
[0mGET /assets/flUhRq6tzZclQEJ-Vdg-IuiaDsNcIhQ8tQ-D-x-0Q06.woff2 [32m200[0m 6.147 ms - 128616[0m
[0mGET /assets/KFOMCnqEu92Fr1ME7kSn66aGLdTylUAMQXC89YmC2DPNWub2bVmUiAw-CHKg1YId.woff [32m200[0m 7.318 ms - 25396[0m
[0mGET /assets/KFOMCnqEu92Fr1ME7kSn66aGLdTylUAMQXC89YmC2DPNWuYjalmUiAw-BepdiOnY.woff [32m200[0m 8.320 ms - 25552[0m
[0mGET /api/playlist [36m304[0m 1.170 ms - -[0m
[32m2026-08-20 10:21:47 [info]: Command sent to player: {"command":"get_audio_devices"} [39m
[0mGET /api/player/audio_devices [36m304[0m 1.133 ms - -[0m
[0mGET /api/player/presets [36m304[0m 0.509 ms - -[0m
[0mGET / [32m200[0m 0.578 ms - 876[0m
[34m2026-08-20 10:23:47 [debug]: Client disconnected: JCVi9l3zo55f9kgYAAAn [39m
[0mGET /assets/index-BBHCJSDf.css [32m200[0m 0.507 ms - 205519[0m
[0mGET /assets/index-BlAhgXmA.js [32m200[0m 1.179 ms - 256331[0m
[0mGET /assets/i18n-vbjcYOy4.js [32m200[0m 0.655 ms - 43889[0m
[0mGET /assets/vue-i18n-Cc-oYtnr.js [32m200[0m 0.940 ms - 58980[0m
[0mGET /assets/axios-DEpQmnGR.js [32m200[0m 0.856 ms - 333[0m
[0mGET /assets/socketio-BkaY4B5-.js [32m200[0m 2.707 ms - 42965[0m
[0mGET /assets/useStatus-BRGfbtJj.js [32m200[0m 3.104 ms - 3330[0m
[0mGET /assets/useApi-0S5XN7sB.js [32m200[0m 3.608 ms - 766[0m
[0mGET /assets/theme-CZN0a2xa.js [32m200[0m 1.996 ms - 126[0m
[0mGET /assets/index-xsH4HHeE.js [32m200[0m 2.979 ms - 35205[0m
[0mGET /assets/use-quasar-CDuOw0eR.js [32m200[0m 2.998 ms - 84[0m
[0mGET /assets/useTheme-CICFMIo5.js [32m200[0m 0.828 ms - 321[0m
[0mGET /favicon.ico [36m304[0m 0.347 ms - -[0m
[0mGET /assets/KFOMCnqEu92Fr1ME7kSn66aGLdTylUAMQXC89YmC2DPNWubEbVmUiAw-3fZ6d7DD.woff [32m200[0m 1.356 ms - 25192[0m
[0mGET /assets/_plugin-vue_export-helper-B6tVjUNn.js [32m200[0m 0.645 ms - 2557[0m
[0mGET /assets/MainLayout-BSTyP_Wi.js [32m200[0m 1.241 ms - 28053[0m
[0mGET /assets/rtl-D6JcZ08P.js [32m200[0m 1.862 ms - 11472[0m
[0mGET /assets/QList-v01idDfA.js [32m200[0m 1.559 ms - 608[0m
[0mGET /assets/format-CA6A4pah.js [32m200[0m 1.710 ms - 4232[0m
[0mGET /assets/QTabs-rk2BbY5J.js [32m200[0m 1.711 ms - 12915[0m
[0mGET /assets/TransportBar-k2H1NgAX.css [32m200[0m 1.192 ms - 399[0m
[0mGET /assets/MainLayout-BPy1LimP.css [32m200[0m 0.656 ms - 1435[0m
[0mGET /assets/usePresets-BeFm9EEb.css [32m200[0m 2.134 ms - 1373[0m
[0mGET /assets/audioDevice-CN6qpF_l.css [32m200[0m 2.281 ms - 198[0m
[0mGET /assets/IndexPage-D4xI7vKR.css [32m200[0m 2.982 ms - 595[0m
[0mGET /assets/confirmDialog-C2aa8vQG.js [32m200[0m 3.075 ms - 10646[0m
[0mGET /assets/use-dialog-plugin-component-BCjwfqAz.js [32m200[0m 2.806 ms - 443[0m
[0mGET /assets/touch-BjYP5sR0.js [32m200[0m 2.618 ms - 667[0m
[0mGET /assets/TransportBar-BClEjpaD.js [32m200[0m 2.121 ms - 8297[0m
[0mGET /assets/DelayedTooltip-D6BlXRGx.js [32m200[0m 2.515 ms - 424[0m
[0mGET /assets/usePlaylist-C0sfFQls.js [32m200[0m 2.268 ms - 15872[0m
[0mGET /assets/usePlayback-nnEasEou.js [32m200[0m 1.373 ms - 4685[0m
[0mGET /assets/IndexPage-BnKvli03.js [32m200[0m 1.411 ms - 9911[0m
[0mGET /assets/QPage-C3LQUVsm.js [32m200[0m 1.338 ms - 895[0m
[0mGET /assets/PageHeader-FLbvGuei.js [32m200[0m 0.933 ms - 833[0m
[0mGET /assets/QItemLabel-D8G0XkEF.js [32m200[0m 0.621 ms - 668[0m
[0mGET /assets/QBadge-BVJ5EhQa.js [32m200[0m 1.203 ms - 923[0m
[0mGET /assets/QSelect-BcGeppx2.js [32m200[0m 1.737 ms - 28464[0m
[0mGET /assets/QChip-D_W52boU.js [32m200[0m 3.312 ms - 2692[0m
[0mGET /assets/PreloadBadge-BTT3uve1.js [32m200[0m 2.454 ms - 914[0m
[0mGET /assets/usePresets-CSZ-heCJ.js [32m200[0m 2.256 ms - 5812[0m
[0mGET /assets/audioDevice-Lqtg7-AR.js [32m200[0m 2.507 ms - 4783[0m
[34m2026-08-20 10:23:48 [debug]: Client connected: 7wBL_h9np5vNK0FPAAAr [39m
[0mGET /icons.svg [36m304[0m 0.270 ms - -[0m
[0mGET /assets/KFOMCnqEu92Fr1ME7kSn66aGLdTylUAMQXC89YmC2DPNWuYjalmUiAw-BepdiOnY.woff [32m200[0m 1.066 ms - 25552[0m
[0mGET /assets/KFOMCnqEu92Fr1ME7kSn66aGLdTylUAMQXC89YmC2DPNWub2bVmUiAw-CHKg1YId.woff [32m200[0m 1.047 ms - 25396[0m
[0mGET /assets/flUhRq6tzZclQEJ-Vdg-IuiaDsNcIhQ8tQ-D-x-0Q06.woff2 [32m200[0m 1.028 ms - 128616[0m
[0mGET /api/playlist [36m304[0m 2.712 ms - -[0m
[32m2026-08-20 10:23:48 [info]: Command sent to player: {"command":"get_audio_devices"} [39m
[0mGET /api/player/audio_devices [36m304[0m 3.464 ms - -[0m
[0mGET /api/player/presets [36m304[0m 4.079 ms - -[0m
[0mGET /assets/FleetPage-CQkDY5Ek.css [32m200[0m 1.805 ms - 93[0m
[0mGET /assets/QMarkupTable-BSzFqkO7.js [32m200[0m 12.369 ms - 811[0m
[0mGET /assets/FleetPage-nyRzXHHs.js [32m200[0m 16.713 ms - 13126[0m
[0mPOST /api/fleet/refresh [32m200[0m 0.308 ms - 11[0m
[0mGET /assets/SourcesPage-CUuF0IZB.css [32m200[0m 6.486 ms - 91[0m
[0mGET /assets/useSources-DnXjKiEQ.js [32m200[0m 10.886 ms - 646[0m
[0mGET /assets/QForm-GMpExAXe.js [32m200[0m 14.872 ms - 2250[0m
[0mGET /assets/SourcesPage-BYe1eU4E.js [32m200[0m 35.511 ms - 8084[0m
[0mGET /api/sources [36m304[0m 0.493 ms - -[0m
[0mGET /assets/PlaylistPage-D2LTrRp9.css [32m200[0m 7.939 ms - 5137[0m
[0mGET /assets/useFiles-Qe6Gm4xz.js [32m200[0m 11.951 ms - 2112[0m
[0mGET /assets/PlaylistPage-2m6PbKVD.js [32m200[0m 65.112 ms - 220396[0m
[0mGET /api/playlist [36m304[0m 1.228 ms - -[0m
[0mPUT /api/playlist/select [32m200[0m 1.180 ms - 26244[0m
[0mGET /assets/LayoutsPage-Cf0HyL_b.css [32m200[0m 1.741 ms - 628[0m
[0mGET /assets/LayoutsPage-BQ1qiWYY.js [32m200[0m 14.662 ms - 12309[0m
[0mGET /assets/QTabPanels-D9yQqh_A.js [32m200[0m 15.929 ms - 7042[0m
[32m2026-08-20 10:23:56 [info]: Command sent to player: {"command":"get_displays"} [39m
[0mGET /api/player/displays [36m304[0m 0.852 ms - -[0m
[0mGET /api/sources [36m304[0m 1.302 ms - -[0m
[0mGET /assets/SettingsPage-rJcCHHKW.css [32m200[0m 1.620 ms - 2290[0m
[0mGET /assets/SettingsPage-C3NhIquL.js [32m200[0m 17.109 ms - 44237[0m
[0mGET /assets/deleteFile-KInOS0KE.js [32m200[0m 17.808 ms - 16608[0m
[0mGET /api/playlist [36m304[0m 0.998 ms - -[0m
[32m2026-08-20 10:23:57 [info]: Command sent to player: {"command":"get_audio_devices"} [39m
[0mGET /api/player/audio_devices [36m304[0m 1.167 ms - -[0m
[0mGET /assets/NanumGothic-Regular-DZXllXnW.woff2 [32m200[0m 9.526 ms - 696072[0m
[0mGET /assets/HelpPage-D7AZ8VjY.css [32m200[0m 8.418 ms - 3402[0m
[0mGET /assets/HelpPage-iWgDoi6m.js [32m200[0m 10.793 ms - 28181[0m
[0mGET /assets/QSlideTransition-DWdwe9wG.js [32m200[0m 12.614 ms - 1333[0m
[0mGET /assets/QExpansionItem-CRKe8xVW.js [32m200[0m 16.049 ms - 4557[0m
[0mGET /assets/NanumGothic-Bold-CrJ8WAmL.woff2 [32m200[0m 15.851 ms - 721556[0m
[0mGET /assets/OpenSourcePage-WvNM-C5Y.css [32m200[0m 6.615 ms - 549[0m
[0mGET /assets/OpenSourcePage-_hh__wqZ.js [32m200[0m 19.591 ms - 9153[0m
[0mPOST /api/fleet/refresh [32m200[0m 1.992 ms - 11[0m
[0mGET / [32m200[0m 23.142 ms - 876[0m
[34m2026-08-20 10:27:59 [debug]: Client disconnected: kd0GkjuqlLBj9-FXAAAp [39m
[0mGET /assets/index-BBHCJSDf.css [32m200[0m 7.913 ms - 205519[0m
[0mGET /assets/index-DAPsgeU0.js [32m200[0m 39.176 ms - 256331[0m
[0mGET /assets/axios-1Dadcyxi.js [32m200[0m 14.691 ms - 333[0m
[0mGET /assets/i18n-BM_U3CRn.js [32m200[0m 16.019 ms - 43889[0m
[0mGET /assets/KFOMCnqEu92Fr1ME7kSn66aGLdTylUAMQXC89YmC2DPNWubEbVmUiAw-3fZ6d7DD.woff [32m200[0m 10.249 ms - 25192[0m
[0mGET /assets/vue-i18n-BRkRxwlR.js [32m200[0m 20.955 ms - 58979[0m
[0mGET /assets/useApi-zfvkwaYc.js [32m200[0m 33.718 ms - 766[0m
[0mGET /assets/socketio-6UGUN1d-.js [32m200[0m 45.210 ms - 42965[0m
[0mGET /assets/index-xsH4HHeE.js [32m200[0m 48.894 ms - 35205[0m
[0mGET /assets/useStatus-BcBLHiDK.js [32m200[0m 38.647 ms - 3330[0m
[0mGET /assets/use-quasar-7SaWWUqf.js [32m200[0m 41.686 ms - 84[0m
[0mGET /favicon.ico [32m200[0m 6.526 ms - 32012[0m
[0mGET /assets/theme-CyqhpECP.js [32m200[0m 41.240 ms - 126[0m
[0mGET /assets/useTheme-BqA2Gmo5.js [32m200[0m 11.936 ms - 321[0m
[0mGET /assets/QList-BF5h6uNb.js [32m200[0m 14.490 ms - 608[0m
[0mGET /assets/_plugin-vue_export-helper-1gqmagrX.js [32m200[0m 15.481 ms - 2557[0m
[0mGET /assets/rtl-CrM4e-t-.js [32m200[0m 19.668 ms - 11472[0m
[0mGET /assets/MainLayout-to7rDw6J.js [32m200[0m 21.531 ms - 28399[0m
[0mGET /assets/TransportBar-k2H1NgAX.css [32m200[0m 4.897 ms - 399[0m
[0mGET /assets/format-Dn9pumWM.js [32m200[0m 27.113 ms - 4232[0m
[0mGET /assets/audioDevice-CN6qpF_l.css [32m200[0m 6.724 ms - 198[0m
[0mGET /assets/IndexPage-D4xI7vKR.css [32m200[0m 7.064 ms - 595[0m
[0mGET /assets/usePresets-BeFm9EEb.css [32m200[0m 10.059 ms - 1373[0m
[0mGET /assets/MainLayout-DHfn0Ev5.css [32m200[0m 32.820 ms - 1575[0m
[0mGET /assets/QTabs-BS_5cEsl.js [32m200[0m 49.068 ms - 12915[0m
[0mGET /assets/touch-BjYP5sR0.js [32m200[0m 18.778 ms - 667[0m
[0mGET /assets/DelayedTooltip-CVT37vol.js [32m200[0m 20.537 ms - 424[0m
[0mGET /assets/use-dialog-plugin-component-m2LVGagg.js [32m200[0m 28.395 ms - 443[0m
[0mGET /assets/confirmDialog-DS1Ggg_U.js [32m200[0m 51.619 ms - 10646[0m
[0mGET /assets/usePlayback-D6qO7QwF.js [32m200[0m 27.996 ms - 4685[0m
[0mGET /assets/TransportBar-zBrmBPn1.js [32m200[0m 34.723 ms - 8296[0m
[0mGET /assets/usePlaylist-Nfd2jnes.js [32m200[0m 43.979 ms - 15872[0m
[0mGET /assets/QPage-DB6HJ5WW.js [32m200[0m 36.646 ms - 895[0m
[0mGET /assets/IndexPage-CtXkqRIc.js [32m200[0m 46.313 ms - 9911[0m
[0mGET /assets/PageHeader-DTVuLNti.js [32m200[0m 24.704 ms - 832[0m
[0mGET /assets/QItemLabel-BeI8c0Qn.js [32m200[0m 24.515 ms - 668[0m
[0mGET /assets/QChip-guD8yKjK.js [32m200[0m 14.301 ms - 2692[0m
[34m2026-08-20 10:28:00 [debug]: Client connected: PicL8Lh8zwuMxhSpAAAt [39m
[0mGET /assets/QBadge-CRgo3l6K.js [32m200[0m 30.349 ms - 923[0m
[0mGET /assets/PreloadBadge-ZLKKcx2o.js [32m200[0m 17.092 ms - 914[0m
[0mGET /assets/QSelect-Dc-3_aPF.js [32m200[0m 21.541 ms - 28464[0m
[0mGET /assets/audioDevice-BpBqTlQQ.js [32m200[0m 19.056 ms - 4782[0m
[0mGET /assets/usePresets-DhXU_2Iu.js [32m200[0m 25.290 ms - 5812[0m
[0mGET /icons.svg [36m304[0m 0.289 ms - -[0m
[0mGET /assets/flUhRq6tzZclQEJ-Vdg-IuiaDsNcIhQ8tQ-D-x-0Q06.woff2 [32m200[0m 6.003 ms - 128616[0m
[0mGET /assets/KFOMCnqEu92Fr1ME7kSn66aGLdTylUAMQXC89YmC2DPNWub2bVmUiAw-CHKg1YId.woff [32m200[0m 6.863 ms - 25396[0m
[0mGET /assets/KFOMCnqEu92Fr1ME7kSn66aGLdTylUAMQXC89YmC2DPNWuYjalmUiAw-BepdiOnY.woff [32m200[0m 7.561 ms - 25552[0m
[0mGET /api/playlist [36m304[0m 1.008 ms - -[0m
[32m2026-08-20 10:28:00 [info]: Command sent to player: {"command":"get_audio_devices"} [39m
[0mGET /api/player/audio_devices [36m304[0m 0.334 ms - -[0m
[0mGET /api/player/presets [36m304[0m 0.376 ms - -[0m
[0mGET /api/playlist [36m304[0m 0.907 ms - -[0m
[32m2026-08-20 10:29:28 [info]: Command sent to player: {"command":"get_audio_devices"} [39m
[0mGET /api/player/audio_devices [36m304[0m 0.351 ms - -[0m
[32m2026-08-20 10:29:38 [info]: peerSync configured: role=master clock=auto domain=0 [39m
[32m2026-08-20 10:29:38 [info]: discovery started (role=master) on 239.255.42.100:15003 [39m
[32m2026-08-20 10:29:38 [info]: Command sent to player: {"command":"enable_ptp","domain":0} [39m
[0mPUT /api/player/sync [32m200[0m 11.756 ms - 437[0m
[0mGET /assets/PlaylistPage-D2LTrRp9.css [32m200[0m 1.916 ms - 5137[0m
[0mGET /assets/useFiles-IGBRhP1D.js [32m200[0m 13.910 ms - 2112[0m
[0mGET /assets/QForm-Deubtatx.js [32m200[0m 16.789 ms - 2250[0m
[0mGET /assets/PlaylistPage-DrbozJox.js [32m200[0m 65.895 ms - 220396[0m
[0mGET /api/playlist [36m304[0m 1.218 ms - -[0m
[0mPUT /api/playlist/select [32m200[0m 1.095 ms - 26244[0m
[0mGET / [32m200[0m 25.546 ms - 876[0m
[34m2026-08-20 10:47:36 [debug]: Client disconnected: PicL8Lh8zwuMxhSpAAAt [39m
[0mGET /assets/index-BBHCJSDf.css [32m200[0m 9.659 ms - 205519[0m
[0mGET /assets/index-0L9TRXWR.js [32m200[0m 79.817 ms - 256331[0m
[0mGET /assets/i18n-COiDprzI.js [32m200[0m 21.502 ms - 43889[0m
[0mGET /assets/vue-i18n-Bt7dxIjz.js [32m200[0m 21.650 ms - 58979[0m
[0mGET /assets/axios-DIpvOedt.js [32m200[0m 26.549 ms - 333[0m
[0mGET /assets/KFOMCnqEu92Fr1ME7kSn66aGLdTylUAMQXC89YmC2DPNWubEbVmUiAw-3fZ6d7DD.woff [32m200[0m 25.807 ms - 25192[0m
[0mGET /assets/index-xsH4HHeE.js [32m200[0m 44.543 ms - 35205[0m
[0mGET /assets/useStatus-C7K5dxzU.js [32m200[0m 44.193 ms - 3330[0m
[0mGET /assets/theme-ULwbiv_h.js [32m200[0m 9.222 ms - 126[0m
[0mGET /assets/useApi-DPNhli_m.js [32m200[0m 50.117 ms - 766[0m
[0mGET /assets/socketio-CWElSOq3.js [32m200[0m 69.469 ms - 42965[0m
[0mGET /assets/use-quasar-CIY8Xxw3.js [32m200[0m 42.479 ms - 84[0m
[0mGET /favicon.ico [32m200[0m 22.185 ms - 32012[0m
[0mGET /assets/useTheme-D5av6O2F.js [32m200[0m 28.043 ms - 321[0m
[0mGET /assets/_plugin-vue_export-helper-CCwBknWS.js [32m200[0m 19.269 ms - 2557[0m
[0mGET /assets/MainLayout-BhBCOOsN.js [32m200[0m 19.983 ms - 28399[0m
[0mGET /assets/QList-CruFFetl.js [32m200[0m 19.294 ms - 608[0m
[0mGET /assets/TransportBar-k2H1NgAX.css [32m200[0m 2.025 ms - 399[0m
[0mGET /assets/rtl-Ofden5zU.js [32m200[0m 39.517 ms - 11472[0m
[0mGET /assets/PlaylistPage-D2LTrRp9.css [32m200[0m 17.558 ms - 5137[0m
[0mGET /assets/MainLayout-DHfn0Ev5.css [32m200[0m 18.365 ms - 1575[0m
[0mGET /assets/format-B4ZxYMqT.js [32m200[0m 47.032 ms - 4232[0m
[0mGET /assets/QTabs-B0NJroCw.js [32m200[0m 53.443 ms - 12915[0m
[0mGET /assets/touch-BjYP5sR0.js [32m200[0m 12.983 ms - 667[0m
[0mGET /assets/confirmDialog-DVzRcSdc.js [32m200[0m 32.894 ms - 10646[0m
[0mGET /assets/use-dialog-plugin-component-yn9fSc3H.js [32m200[0m 24.982 ms - 443[0m
[0mGET /assets/DelayedTooltip-qY1LmudD.js [32m200[0m 24.608 ms - 424[0m
[0mGET /assets/TransportBar-BPgMRxhg.js [32m200[0m 34.849 ms - 8296[0m
[0mGET /assets/usePlaylist-DJYm4rdP.js [32m200[0m 35.077 ms - 15872[0m
[0mGET /assets/usePlayback-B6ZHT7rW.js [32m200[0m 34.978 ms - 4685[0m
[0mGET /assets/QItemLabel-m2ouM7kg.js [32m200[0m 17.503 ms - 668[0m
[0mGET /assets/QPage-CGv8emLJ.js [32m200[0m 39.467 ms - 895[0m
[0mGET /assets/PageHeader-CEL_jIPz.js [32m200[0m 39.445 ms - 832[0m
[0mGET /assets/QBadge-DskbJnls.js [32m200[0m 27.342 ms - 923[0m
[0mGET /assets/QChip-_3bfqWjW.js [32m200[0m 29.902 ms - 2692[0m
[0mGET /assets/PreloadBadge-wKfjihTY.js [32m200[0m 25.559 ms - 914[0m
[34m2026-08-20 10:47:37 [debug]: Client connected: QkWlVlUv7fKX_OPrAAAv [39m
[0mGET /assets/QSelect-CdK7C4qv.js [32m200[0m 50.823 ms - 28464[0m
[0mGET /assets/PlaylistPage-DXZjwOrc.js [32m200[0m 91.842 ms - 220439[0m
[0mGET /assets/QForm-BCm4Jk3y.js [32m200[0m 49.442 ms - 2250[0m
[0mGET /assets/useFiles-CzvjNz1U.js [32m200[0m 37.341 ms - 2112[0m
[0mGET /icons.svg [36m304[0m 0.354 ms - -[0m
[0mGET /assets/KFOMCnqEu92Fr1ME7kSn66aGLdTylUAMQXC89YmC2DPNWuYjalmUiAw-BepdiOnY.woff [32m200[0m 6.354 ms - 25552[0m
[0mGET /assets/flUhRq6tzZclQEJ-Vdg-IuiaDsNcIhQ8tQ-D-x-0Q06.woff2 [32m200[0m 5.797 ms - 128616[0m
[0mGET /assets/KFOMCnqEu92Fr1ME7kSn66aGLdTylUAMQXC89YmC2DPNWub2bVmUiAw-CHKg1YId.woff [32m200[0m 8.736 ms - 25396[0m
[0mGET /api/playlist [36m304[0m 1.324 ms - -[0m
[0mPUT /api/playlist/select [32m200[0m 1.698 ms - 26244[0m
[0mGET /assets/usePresets-BeFm9EEb.css [32m200[0m 1.720 ms - 1373[0m
[0mGET /assets/IndexPage-XSh6-qtB.css [32m200[0m 8.653 ms - 595[0m
[0mGET /assets/IndexPage-GsKLNtJC.js [32m200[0m 15.854 ms - 10063[0m
[0mGET /assets/audioDevice-CN6qpF_l.css [32m200[0m 13.202 ms - 198[0m
[0mGET /assets/audioDevice-DfH7XN6o.js [32m200[0m 14.558 ms - 4782[0m
[0mGET /assets/usePresets-DwAdyMTI.js [32m200[0m 16.545 ms - 5812[0m
[32m2026-08-20 10:49:54 [info]: Command sent to player: {"command":"get_audio_devices"} [39m
[0mGET /api/player/audio_devices [36m304[0m 0.512 ms - -[0m
[0mGET /api/player/presets [36m304[0m 0.371 ms - -[0m
[0mGET /assets/SettingsPage-OTHrv9Wt.css [32m200[0m 7.910 ms - 2291[0m
[0mGET /assets/QTabPanels-Ch_9SY35.js [32m200[0m 18.329 ms - 7042[0m
[0mGET /assets/SettingsPage-CG8cKNFc.js [32m200[0m 19.968 ms - 44619[0m
[0mGET /assets/deleteFile-lSjt8tIn.js [32m200[0m 20.394 ms - 16606[0m
[0mGET /api/playlist [36m304[0m 1.736 ms - -[0m
[32m2026-08-20 10:53:18 [info]: Command sent to player: {"command":"get_audio_devices"} [39m
[0mGET /api/player/audio_devices [36m304[0m 0.572 ms - -[0m
[0mGET /assets/NanumGothic-Regular-DZXllXnW.woff2 [32m200[0m 14.063 ms - 696072[0m
[0mGET / [32m200[0m 0.954 ms - 876[0m
[34m2026-08-20 11:05:04 [debug]: Client disconnected: 7wBL_h9np5vNK0FPAAAr [39m
[0mGET /assets/index-0L9TRXWR.js [32m200[0m 0.837 ms - 256331[0m
[0mGET /assets/index-BBHCJSDf.css [32m200[0m 0.672 ms - 205519[0m
[0mGET /assets/i18n-COiDprzI.js [32m200[0m 0.969 ms - 43889[0m
[0mGET /assets/axios-DIpvOedt.js [32m200[0m 0.532 ms - 333[0m
[0mGET /assets/vue-i18n-Bt7dxIjz.js [32m200[0m 0.962 ms - 58979[0m
[0mGET /assets/useStatus-C7K5dxzU.js [32m200[0m 1.020 ms - 3330[0m
[0mGET /assets/socketio-CWElSOq3.js [32m200[0m 1.582 ms - 42965[0m
[0mGET /assets/useApi-DPNhli_m.js [32m200[0m 1.485 ms - 766[0m
[0mGET /assets/useTheme-D5av6O2F.js [32m200[0m 2.164 ms - 321[0m
[0mGET /assets/use-quasar-CIY8Xxw3.js [32m200[0m 2.801 ms - 84[0m
[0mGET /assets/theme-ULwbiv_h.js [32m200[0m 2.959 ms - 126[0m
[0mGET /assets/index-xsH4HHeE.js [32m200[0m 0.841 ms - 35205[0m
[0mGET /favicon.ico [36m304[0m 0.227 ms - -[0m
[0mGET /assets/KFOMCnqEu92Fr1ME7kSn66aGLdTylUAMQXC89YmC2DPNWubEbVmUiAw-3fZ6d7DD.woff [32m200[0m 0.807 ms - 25192[0m
[0mGET /assets/_plugin-vue_export-helper-CCwBknWS.js [32m200[0m 2.134 ms - 2557[0m
[0mGET /assets/MainLayout-BhBCOOsN.js [32m200[0m 2.849 ms - 28399[0m
[0mGET /assets/rtl-Ofden5zU.js [32m200[0m 2.119 ms - 11472[0m
[0mGET /assets/format-B4ZxYMqT.js [32m200[0m 1.771 ms - 4232[0m
[0mGET /assets/QList-CruFFetl.js [32m200[0m 2.271 ms - 608[0m
[0mGET /assets/QTabs-B0NJroCw.js [32m200[0m 2.543 ms - 12915[0m
[0mGET /assets/MainLayout-DHfn0Ev5.css [32m200[0m 0.899 ms - 1575[0m
[0mGET /assets/SettingsPage-OTHrv9Wt.css [32m200[0m 0.820 ms - 2291[0m
[0mGET /assets/TransportBar-k2H1NgAX.css [32m200[0m 1.449 ms - 399[0m
[0mGET /assets/audioDevice-CN6qpF_l.css [32m200[0m 0.863 ms - 198[0m
[0mGET /assets/confirmDialog-DVzRcSdc.js [32m200[0m 0.899 ms - 10646[0m
[0mGET /assets/use-dialog-plugin-component-yn9fSc3H.js [32m200[0m 2.071 ms - 443[0m
[0mGET /assets/DelayedTooltip-qY1LmudD.js [32m200[0m 1.478 ms - 424[0m
[0mGET /assets/TransportBar-BPgMRxhg.js [32m200[0m 1.388 ms - 8296[0m
[0mGET /assets/usePlaylist-DJYm4rdP.js [32m200[0m 1.018 ms - 15872[0m
[0mGET /assets/usePlayback-B6ZHT7rW.js [32m200[0m 2.574 ms - 4685[0m
[0mGET /assets/SettingsPage-CG8cKNFc.js [32m200[0m 2.430 ms - 44619[0m
[0mGET /assets/audioDevice-DfH7XN6o.js [32m200[0m 1.011 ms - 4782[0m
[0mGET /assets/PageHeader-CEL_jIPz.js [32m200[0m 1.338 ms - 832[0m
[0mGET /assets/QPage-CGv8emLJ.js [32m200[0m 1.819 ms - 895[0m
[0mGET /assets/QItemLabel-m2ouM7kg.js [32m200[0m 1.539 ms - 668[0m
[0mGET /assets/QSelect-CdK7C4qv.js [32m200[0m 1.319 ms - 28464[0m
[0mGET /assets/QTabPanels-Ch_9SY35.js [32m200[0m 1.254 ms - 7042[0m
[0mGET /assets/QChip-_3bfqWjW.js [32m200[0m 1.854 ms - 2692[0m
[0mGET /assets/deleteFile-lSjt8tIn.js [32m200[0m 1.875 ms - 16606[0m
[34m2026-08-20 11:05:04 [debug]: Client connected: ZtXmp9VsHuXgU63WAAAx [39m
[0mGET /assets/touch-BjYP5sR0.js [32m200[0m 2.396 ms - 667[0m
[0mGET /assets/QBadge-DskbJnls.js [32m200[0m 2.610 ms - 923[0m
[0mGET /icons.svg [36m304[0m 0.223 ms - -[0m
[0mGET /assets/KFOMCnqEu92Fr1ME7kSn66aGLdTylUAMQXC89YmC2DPNWuYjalmUiAw-BepdiOnY.woff [32m200[0m 1.285 ms - 25552[0m
[0mGET /assets/flUhRq6tzZclQEJ-Vdg-IuiaDsNcIhQ8tQ-D-x-0Q06.woff2 [32m200[0m 1.283 ms - 128616[0m
[0mGET /assets/KFOMCnqEu92Fr1ME7kSn66aGLdTylUAMQXC89YmC2DPNWub2bVmUiAw-CHKg1YId.woff [32m200[0m 1.614 ms - 25396[0m
[0mGET /api/playlist [36m304[0m 2.099 ms - -[0m
[32m2026-08-20 11:05:04 [info]: Command sent to player: {"command":"get_audio_devices"} [39m
[0mGET /api/player/audio_devices [36m304[0m 2.538 ms - -[0m
[0mGET /assets/NanumGothic-Regular-DZXllXnW.woff2 [32m200[0m 0.632 ms - 696072[0m
[0mGET /assets/usePresets-DwAdyMTI.js [32m200[0m 1.003 ms - 5812[0m
[0mGET /assets/usePresets-BeFm9EEb.css [32m200[0m 0.757 ms - 1373[0m
[0mGET /assets/LayoutsPage-Cf0HyL_b.css [32m200[0m 1.779 ms - 628[0m
[0mGET /assets/useSources-CCc-C8Li.js [32m200[0m 11.459 ms - 646[0m
[0mGET /assets/LayoutsPage-CXyF6QRq.js [32m200[0m 15.623 ms - 12308[0m
[32m2026-08-20 11:05:50 [info]: Command sent to player: {"command":"get_displays"} [39m
[0mGET /api/player/displays [36m304[0m 0.638 ms - -[0m
[0mGET /api/sources [36m304[0m 1.221 ms - -[0m
[0mGET /assets/PreloadBadge-wKfjihTY.js [32m200[0m 0.909 ms - 914[0m
[0mGET /assets/QForm-BCm4Jk3y.js [32m200[0m 1.070 ms - 2250[0m
[0mGET /assets/useFiles-CzvjNz1U.js [32m200[0m 1.289 ms - 2112[0m
[0mGET /assets/PlaylistPage-D2LTrRp9.css [32m200[0m 1.466 ms - 5137[0m
[0mGET /assets/PlaylistPage-DXZjwOrc.js [32m200[0m 1.660 ms - 220439[0m
[0mGET /api/playlist [36m304[0m 0.865 ms - -[0m
[0mPUT /api/playlist/select [32m200[0m 1.744 ms - 26244[0m
[0mGET /assets/SourcesPage-CUuF0IZB.css [32m200[0m 2.353 ms - 91[0m
[0mGET /assets/SourcesPage-DUUlz7Qr.js [32m200[0m 12.889 ms - 8084[0m
[0mGET /api/sources [36m304[0m 0.562 ms - -[0m
[0mGET /assets/QMarkupTable-C7talr94.js [32m200[0m 10.598 ms - 811[0m
[0mGET /assets/FilesPage-j_uu91dU.css [32m200[0m 14.768 ms - 1731[0m
[0mGET /assets/QSlideTransition-Dzl22LKG.js [32m200[0m 15.363 ms - 1333[0m
[0mGET /assets/FilesPage-DTZzdcg3.js [32m200[0m 23.230 ms - 62681[0m
[0mGET /api/files [32m200[0m 4.034 ms - 147253[0m
[0mGET /api/folders [32m200[0m 4.653 ms - 138[0m
[0mGET /api/files/thumbnail/a49d7c2b-48bb-4c4f-a39c-a43294b17341 [32m200[0m 3.438 ms - 124016[0m
[0mGET /api/files/thumbnail/2b977aae-9055-41e4-b134-8e34af827db7 [32m200[0m 3.629 ms - 123541[0m
[0mGET /api/files/thumbnail/a07d9516-de81-4fb6-8fa0-354ef8afd389 [32m200[0m 4.437 ms - 68244[0m
[0mGET /api/files/thumbnail/7327ae6a-230f-43a5-bbc8-314cc0cf385a [32m200[0m 5.081 ms - 106329[0m
[0mGET /api/files/thumbnail/6aa26f1a-11c1-469a-8239-113d0fc45884 [32m200[0m 4.220 ms - 133023[0m
[0mGET /api/files/thumbnail/6ccc8817-8fc9-4fb6-8901-205a33fb9ac9 [32m200[0m 4.523 ms - 95584[0m
[0mGET /api/files/thumbnail/b7b9a649-e9b9-40bd-a698-212291afb0d2 [32m200[0m 3.410 ms - 48906[0m
[0mGET /api/files/thumbnail/4302a862-2015-43d2-8f37-a2bd34e0642f [32m200[0m 4.042 ms - 89161[0m
[0mGET /api/files/thumbnail/0bca07d2-db37-49e2-8380-46f22e574267 [32m200[0m 4.004 ms - 108315[0m
[0mGET /api/files/thumbnail/103b5718-1096-44d1-a67b-a9577a083125 [32m200[0m 3.355 ms - 8917[0m
[0mGET /assets/IndexPage-XSh6-qtB.css [32m200[0m 1.487 ms - 595[0m
[0mGET /assets/IndexPage-GsKLNtJC.js [32m200[0m 1.224 ms - 10063[0m
[32m2026-08-20 11:06:02 [info]: Command sent to player: {"command":"get_audio_devices"} [39m
[0mGET /api/player/audio_devices [36m304[0m 0.869 ms - -[0m
[0mGET /api/player/presets [36m304[0m 1.362 ms - -[0m
[0mGET / [32m200[0m 14.919 ms - 876[0m
[34m2026-08-20 11:06:48 [debug]: Client disconnected: QkWlVlUv7fKX_OPrAAAv [39m
[0mGET /assets/index-BBHCJSDf.css [32m200[0m 9.722 ms - 205519[0m
[0mGET /assets/index-D3c48u7u.js [32m200[0m 51.690 ms - 256331[0m
[0mGET /assets/axios-BQx0jDYM.js [32m200[0m 36.854 ms - 333[0m
[0mGET /assets/i18n-DY9TwJOw.js [32m200[0m 43.152 ms - 43889[0m
[0mGET /assets/vue-i18n-DpM9gFM8.js [32m200[0m 39.853 ms - 58979[0m
[0mGET /assets/index-xsH4HHeE.js [32m200[0m 42.911 ms - 35205[0m
[0mGET /assets/KFOMCnqEu92Fr1ME7kSn66aGLdTylUAMQXC89YmC2DPNWubEbVmUiAw-3fZ6d7DD.woff [32m200[0m 19.402 ms - 25192[0m
[0mGET /assets/useStatus-BGCYlfm8.js [32m200[0m 57.401 ms - 3330[0m
[0mGET /assets/useApi-DPm2KDW5.js [32m200[0m 26.331 ms - 766[0m
[0mGET /assets/socketio-Av2U1NjD.js [32m200[0m 65.203 ms - 42965[0m
[0mGET /favicon.ico [32m200[0m 10.488 ms - 32012[0m
[0mGET /assets/use-quasar-CTTPX63p.js [32m200[0m 31.957 ms - 84[0m
[0mGET /assets/theme-BUODz8Sb.js [32m200[0m 28.777 ms - 126[0m
[0mGET /assets/useTheme-shpU6R8X.js [32m200[0m 23.714 ms - 321[0m
[0mGET /assets/QList-C8V6004l.js [32m200[0m 13.514 ms - 608[0m
[0mGET /assets/_plugin-vue_export-helper-Be_xgXM7.js [32m200[0m 20.560 ms - 2557[0m
[0mGET /assets/rtl-DBJavSmT.js [32m200[0m 21.485 ms - 11472[0m
[0mGET /assets/MainLayout-ITi30wri.js [32m200[0m 23.157 ms - 28399[0m
[0mGET /assets/TransportBar-k2H1NgAX.css [32m200[0m 8.141 ms - 399[0m
[0mGET /assets/MainLayout-DHfn0Ev5.css [32m200[0m 2.179 ms - 1575[0m
[0mGET /assets/audioDevice-CN6qpF_l.css [32m200[0m 1.858 ms - 198[0m
[0mGET /assets/SettingsPage-OTHrv9Wt.css [32m200[0m 1.723 ms - 2291[0m
[0mGET /assets/touch-BjYP5sR0.js [32m200[0m 13.136 ms - 667[0m
[0mGET /assets/format-BbF6LeAw.js [32m200[0m 39.945 ms - 4232[0m
[0mGET /assets/confirmDialog-dJnXDc8_.js [32m200[0m 17.101 ms - 10646[0m
[0mGET /assets/QTabs-nSSepgZu.js [32m200[0m 42.105 ms - 12915[0m
[0mGET /assets/use-dialog-plugin-component-C8COpMWE.js [32m200[0m 22.451 ms - 443[0m
[0mGET /assets/DelayedTooltip-Cvob5yZn.js [32m200[0m 42.399 ms - 424[0m
[0mGET /assets/TransportBar-Bh1qefI4.js [32m200[0m 27.811 ms - 8296[0m
[0mGET /assets/usePlaylist-DB7raMtX.js [32m200[0m 30.390 ms - 15872[0m
[0mGET /assets/usePlayback-zfHxLjif.js [32m200[0m 36.306 ms - 4685[0m
[0mGET /assets/SettingsPage-D16XrX9Z.js [32m200[0m 36.303 ms - 44449[0m
[0mGET /assets/PageHeader-CT6iTYZ5.js [32m200[0m 10.330 ms - 832[0m
[0mGET /assets/QPage-DY3KmP_7.js [32m200[0m 37.080 ms - 895[0m
[0mGET /assets/audioDevice-BfL-uKTP.js [32m200[0m 29.405 ms - 4782[0m
[0mGET /assets/QItemLabel-DcMnzQon.js [32m200[0m 27.271 ms - 668[0m
[34m2026-08-20 11:06:48 [debug]: Client connected: bIDQ6sYqRjrC5pucAAAz [39m
[0mGET /assets/QSelect-7x7QHi7b.js [32m200[0m 25.277 ms - 28464[0m
[0mGET /assets/QChip-DkrJvVbY.js [32m200[0m 31.414 ms - 2692[0m
[0mGET /assets/QBadge-CMnDC2G3.js [32m200[0m 21.166 ms - 923[0m
[0mGET /assets/QTabPanels-DSDDbUkp.js [32m200[0m 40.513 ms - 7042[0m
[0mGET /assets/deleteFile-88AlDCBM.js [32m200[0m 44.374 ms - 16606[0m
[0mGET /icons.svg [36m304[0m 0.300 ms - -[0m
[0mGET /assets/KFOMCnqEu92Fr1ME7kSn66aGLdTylUAMQXC89YmC2DPNWuYjalmUiAw-BepdiOnY.woff [32m200[0m 7.188 ms - 25552[0m
[0mGET /assets/KFOMCnqEu92Fr1ME7kSn66aGLdTylUAMQXC89YmC2DPNWub2bVmUiAw-CHKg1YId.woff [32m200[0m 7.078 ms - 25396[0m
[0mGET /assets/flUhRq6tzZclQEJ-Vdg-IuiaDsNcIhQ8tQ-D-x-0Q06.woff2 [32m200[0m 7.944 ms - 128616[0m
[0mGET /api/playlist [36m304[0m 1.067 ms - -[0m
[32m2026-08-20 11:06:48 [info]: Command sent to player: {"command":"get_audio_devices"} [39m
[0mGET /api/player/audio_devices [36m304[0m 0.542 ms - -[0m
[0mGET /assets/NanumGothic-Regular-DZXllXnW.woff2 [32m200[0m 13.882 ms - 696072[0m
[0mGET /assets/FleetPage-C821pn_o.js [33m404[0m 0.444 ms - 167[0m
[0mGET /assets/FleetPage-CQkDY5Ek.css [32m200[0m 1.753 ms - 93[0m
[0mGET /api/files [36m304[0m 2.932 ms - -[0m
[0mGET /api/folders [36m304[0m 3.259 ms - -[0m
[0mGET /api/files/thumbnail/2b977aae-9055-41e4-b134-8e34af827db7 [36m304[0m 0.759 ms - -[0m
[0mGET /api/files/thumbnail/7327ae6a-230f-43a5-bbc8-314cc0cf385a [36m304[0m 0.847 ms - -[0m
[0mGET /api/files/thumbnail/6aa26f1a-11c1-469a-8239-113d0fc45884 [36m304[0m 2.534 ms - -[0m
[0mGET /api/files/thumbnail/6ccc8817-8fc9-4fb6-8901-205a33fb9ac9 [36m304[0m 2.498 ms - -[0m
[0mGET /api/files/thumbnail/b7b9a649-e9b9-40bd-a698-212291afb0d2 [36m304[0m 2.904 ms - -[0m
[0mGET /api/files/thumbnail/4302a862-2015-43d2-8f37-a2bd34e0642f [36m304[0m 2.736 ms - -[0m
[0mGET /api/files/thumbnail/103b5718-1096-44d1-a67b-a9577a083125 [36m304[0m 2.612 ms - -[0m
[0mGET /api/files/thumbnail/0bca07d2-db37-49e2-8380-46f22e574267 [36m304[0m 2.406 ms - -[0m
[0mGET /api/files/thumbnail/a07d9516-de81-4fb6-8fa0-354ef8afd389 [36m304[0m 0.537 ms - -[0m
[0mGET /api/files/thumbnail/a49d7c2b-48bb-4c4f-a39c-a43294b17341 [36m304[0m 0.517 ms - -[0m
[0mGET /api/playlist [36m304[0m 1.388 ms - -[0m
[32m2026-08-20 11:06:56 [info]: Command sent to player: {"command":"get_audio_devices"} [39m
[0mGET /api/player/audio_devices [36m304[0m 1.681 ms - -[0m
[0mGET / [32m200[0m 17.430 ms - 876[0m
[34m2026-08-20 11:07:44 [debug]: Client disconnected: bIDQ6sYqRjrC5pucAAAz [39m
[0mGET /assets/index-BBHCJSDf.css [32m200[0m 16.250 ms - 205519[0m
[0mGET /assets/index-PfGeOYE-.js [32m200[0m 40.520 ms - 256331[0m
[0mGET /assets/KFOMCnqEu92Fr1ME7kSn66aGLdTylUAMQXC89YmC2DPNWubEbVmUiAw-3fZ6d7DD.woff [32m200[0m 25.313 ms - 25192[0m
[0mGET /assets/axios-Ci_gb5B_.js [32m200[0m 25.899 ms - 333[0m
[0mGET /assets/i18n-CUg6_R4a.js [32m200[0m 31.363 ms - 43889[0m
[0mGET /assets/vue-i18n-CZKhIa-a.js [32m200[0m 55.374 ms - 58979[0m
[0mGET /assets/useStatus-oMb-X_Pd.js [32m200[0m 26.861 ms - 3330[0m
[0mGET /assets/index-xsH4HHeE.js [32m200[0m 61.389 ms - 35205[0m
[0mGET /assets/useApi-BYcnVZik.js [32m200[0m 42.814 ms - 766[0m
[0mGET /assets/theme-CqoJXbu7.js [32m200[0m 15.094 ms - 126[0m
[0mGET /assets/socketio-s8nejU8_.js [32m200[0m 70.730 ms - 42965[0m
[0mGET /assets/useTheme-DBcahqJn.js [32m200[0m 15.383 ms - 321[0m
[0mGET /assets/use-quasar-C4qgZm_H.js [32m200[0m 55.448 ms - 84[0m
[0mGET /favicon.ico [32m200[0m 24.014 ms - 32012[0m
[0mGET /assets/QList-C4EUOSkk.js [32m200[0m 11.589 ms - 608[0m
[0mGET /assets/_plugin-vue_export-helper-CMHN9dSV.js [32m200[0m 17.794 ms - 2557[0m
[0mGET /assets/MainLayout-D6P-daoq.js [32m200[0m 18.423 ms - 28399[0m
[0mGET /assets/rtl-D9sC1tjO.js [32m200[0m 17.934 ms - 11472[0m
[0mGET /assets/TransportBar-k2H1NgAX.css [32m200[0m 6.269 ms - 399[0m
[0mGET /assets/MainLayout-DHfn0Ev5.css [32m200[0m 1.456 ms - 1575[0m
[0mGET /assets/SettingsPage-OTHrv9Wt.css [32m200[0m 1.010 ms - 2291[0m
[0mGET /assets/audioDevice-CN6qpF_l.css [32m200[0m 1.473 ms - 198[0m
[0mGET /assets/format-CBhJaOfh.js [32m200[0m 61.821 ms - 4232[0m
[0mGET /assets/use-dialog-plugin-component-DL0-RO7f.js [32m200[0m 39.269 ms - 443[0m
[0mGET /assets/DelayedTooltip-C8MHXA3A.js [32m200[0m 39.259 ms - 424[0m
[0mGET /assets/QTabs-BtACj8uo.js [32m200[0m 77.553 ms - 12915[0m
[0mGET /assets/confirmDialog-Cc3z5LcR.js [32m200[0m 55.880 ms - 10646[0m
[0mGET /assets/touch-BjYP5sR0.js [32m200[0m 35.946 ms - 667[0m
[0mGET /assets/TransportBar-Cef9WZZd.js [32m200[0m 101.061 ms - 8296[0m
[0mGET /assets/usePlaylist-VmjlMsaI.js [32m200[0m 60.359 ms - 15872[0m
[0mGET /assets/usePlayback-pSJj7IH2.js [32m200[0m 66.197 ms - 4685[0m
[0mGET /assets/PageHeader-DaWJGP6O.js [32m200[0m 38.570 ms - 832[0m
[0mGET /assets/QPage-rU4jkfyg.js [32m200[0m 60.091 ms - 895[0m
[0mGET /assets/audioDevice-CUQPQQcP.js [32m200[0m 17.718 ms - 4782[0m
[0mGET /assets/SettingsPage-D9LRiSy3.js [32m200[0m 81.790 ms - 44449[0m
[0mGET /assets/QSelect-CSn3R1Wr.js [32m200[0m 29.476 ms - 28464[0m
[34m2026-08-20 11:07:45 [debug]: Client connected: f1Ll2WnKKgPNnrU-AAA1 [39m
[0mGET /assets/QItemLabel-Drx7lcyj.js [32m200[0m 49.180 ms - 668[0m
[0mGET /assets/deleteFile-BdQqUQmX.js [32m200[0m 34.964 ms - 16606[0m
[0mGET /assets/QChip-DAnjtrk_.js [32m200[0m 47.501 ms - 2692[0m
[0mGET /assets/QBadge-BHX9ujPq.js [32m200[0m 39.952 ms - 923[0m
[0mGET /assets/QTabPanels-DSBJhfz3.js [32m200[0m 62.624 ms - 7042[0m
[0mGET /icons.svg [36m304[0m 0.211 ms - -[0m
[0mGET /assets/KFOMCnqEu92Fr1ME7kSn66aGLdTylUAMQXC89YmC2DPNWub2bVmUiAw-CHKg1YId.woff [32m200[0m 5.364 ms - 25396[0m
[0mGET /assets/KFOMCnqEu92Fr1ME7kSn66aGLdTylUAMQXC89YmC2DPNWuYjalmUiAw-BepdiOnY.woff [32m200[0m 6.910 ms - 25552[0m
[0mGET /assets/flUhRq6tzZclQEJ-Vdg-IuiaDsNcIhQ8tQ-D-x-0Q06.woff2 [32m200[0m 8.780 ms - 128616[0m
[0mGET /api/playlist [36m304[0m 0.939 ms - -[0m
[32m2026-08-20 11:07:45 [info]: Command sent to player: {"command":"get_audio_devices"} [39m
[0mGET /api/player/audio_devices [36m304[0m 0.371 ms - -[0m
[0mGET /assets/NanumGothic-Regular-DZXllXnW.woff2 [32m200[0m 15.945 ms - 696072[0m
[0mGET /assets/IndexPage-BYjibxls.css [32m200[0m 25.861 ms - 595[0m
[0mGET /assets/PreloadBadge-DfTaXdGk.js [32m200[0m 38.213 ms - 914[0m
[0mGET /assets/usePresets-BeFm9EEb.css [32m200[0m 42.017 ms - 1373[0m
[0mGET /assets/IndexPage-DrKMUayh.js [32m200[0m 59.328 ms - 10063[0m
[0mGET /assets/usePresets-BHtEP-DZ.js [32m200[0m 57.605 ms - 5812[0m
[32m2026-08-20 11:11:19 [info]: Command sent to player: {"command":"get_audio_devices"} [39m
[0mGET /api/player/audio_devices [36m304[0m 0.519 ms - -[0m
[0mGET /api/player/presets [36m304[0m 0.330 ms - -[0m
[0mGET / [32m200[0m 0.739 ms - 876[0m
[34m2026-08-20 11:17:11 [debug]: Client disconnected: ZtXmp9VsHuXgU63WAAAx [39m
[0mGET /assets/index-PfGeOYE-.js [32m200[0m 0.843 ms - 256331[0m
[0mGET /assets/index-BBHCJSDf.css [32m200[0m 0.758 ms - 205519[0m
[0mGET /assets/i18n-CUg6_R4a.js [32m200[0m 1.093 ms - 43889[0m
[0mGET /assets/vue-i18n-CZKhIa-a.js [32m200[0m 1.285 ms - 58979[0m
[0mGET /assets/socketio-s8nejU8_.js [32m200[0m 1.425 ms - 42965[0m
[0mGET /assets/axios-Ci_gb5B_.js [32m200[0m 1.746 ms - 333[0m
[0mGET /assets/index-xsH4HHeE.js [32m200[0m 1.071 ms - 35205[0m
[0mGET /assets/useStatus-oMb-X_Pd.js [32m200[0m 0.794 ms - 3330[0m
[0mGET /assets/useApi-BYcnVZik.js [32m200[0m 2.092 ms - 766[0m
[0mGET /assets/use-quasar-C4qgZm_H.js [32m200[0m 2.233 ms - 84[0m
[0mGET /assets/theme-CqoJXbu7.js [32m200[0m 2.318 ms - 126[0m
[0mGET /assets/useTheme-DBcahqJn.js [32m200[0m 2.580 ms - 321[0m
[0mGET /favicon.ico [36m304[0m 0.253 ms - -[0m
[0mGET /assets/KFOMCnqEu92Fr1ME7kSn66aGLdTylUAMQXC89YmC2DPNWubEbVmUiAw-3fZ6d7DD.woff [32m200[0m 1.587 ms - 25192[0m
[0mGET /assets/MainLayout-D6P-daoq.js [32m200[0m 1.796 ms - 28399[0m
[0mGET /assets/_plugin-vue_export-helper-CMHN9dSV.js [32m200[0m 1.877 ms - 2557[0m
[0mGET /assets/rtl-D9sC1tjO.js [32m200[0m 1.986 ms - 11472[0m
[0mGET /assets/QList-C4EUOSkk.js [32m200[0m 2.032 ms - 608[0m
[0mGET /assets/format-CBhJaOfh.js [32m200[0m 3.183 ms - 4232[0m
[0mGET /assets/QTabs-BtACj8uo.js [32m200[0m 3.162 ms - 12915[0m
[0mGET /assets/MainLayout-DHfn0Ev5.css [32m200[0m 2.549 ms - 1575[0m
[0mGET /assets/TransportBar-k2H1NgAX.css [32m200[0m 3.228 ms - 399[0m
[0mGET /assets/audioDevice-CN6qpF_l.css [32m200[0m 2.571 ms - 198[0m
[0mGET /assets/SettingsPage-OTHrv9Wt.css [32m200[0m 2.813 ms - 2291[0m
[0mGET /assets/confirmDialog-Cc3z5LcR.js [32m200[0m 2.173 ms - 10646[0m
[0mGET /assets/use-dialog-plugin-component-DL0-RO7f.js [32m200[0m 2.418 ms - 443[0m
[0mGET /assets/DelayedTooltip-C8MHXA3A.js [32m200[0m 2.525 ms - 424[0m
[0mGET /assets/TransportBar-Cef9WZZd.js [32m200[0m 3.149 ms - 8296[0m
[0mGET /assets/usePlaylist-VmjlMsaI.js [32m200[0m 3.281 ms - 15872[0m
[0mGET /assets/usePlayback-pSJj7IH2.js [32m200[0m 3.249 ms - 4685[0m
[0mGET /assets/SettingsPage-D9LRiSy3.js [32m200[0m 2.849 ms - 44449[0m
[0mGET /assets/PageHeader-DaWJGP6O.js [32m200[0m 3.214 ms - 832[0m
[0mGET /assets/QPage-rU4jkfyg.js [32m200[0m 3.716 ms - 895[0m
[0mGET /assets/QItemLabel-Drx7lcyj.js [32m200[0m 1.336 ms - 668[0m
[0mGET /assets/audioDevice-CUQPQQcP.js [32m200[0m 1.954 ms - 4782[0m
[0mGET /assets/QSelect-CSn3R1Wr.js [32m200[0m 1.832 ms - 28464[0m
[0mGET /assets/QChip-DAnjtrk_.js [32m200[0m 1.226 ms - 2692[0m
[34m2026-08-20 11:17:12 [debug]: Client connected: a7XSaHQ089ZNQKNmAAA3 [39m
[0mGET /assets/QTabPanels-DSBJhfz3.js [32m200[0m 3.404 ms - 7042[0m
[0mGET /assets/deleteFile-BdQqUQmX.js [32m200[0m 3.567 ms - 16606[0m
[0mGET /assets/touch-BjYP5sR0.js [32m200[0m 4.041 ms - 667[0m
[0mGET /assets/QBadge-BHX9ujPq.js [32m200[0m 2.944 ms - 923[0m
[0mGET /icons.svg [36m304[0m 0.214 ms - -[0m
[0mGET /assets/KFOMCnqEu92Fr1ME7kSn66aGLdTylUAMQXC89YmC2DPNWuYjalmUiAw-BepdiOnY.woff [32m200[0m 1.460 ms - 25552[0m
[0mGET /assets/KFOMCnqEu92Fr1ME7kSn66aGLdTylUAMQXC89YmC2DPNWub2bVmUiAw-CHKg1YId.woff [32m200[0m 1.540 ms - 25396[0m
[0mGET /assets/flUhRq6tzZclQEJ-Vdg-IuiaDsNcIhQ8tQ-D-x-0Q06.woff2 [32m200[0m 1.519 ms - 128616[0m
[0mGET /api/playlist [36m304[0m 1.405 ms - -[0m
[32m2026-08-20 11:17:12 [info]: Command sent to player: {"command":"get_audio_devices"} [39m
[0mGET /api/player/audio_devices [36m304[0m 0.768 ms - -[0m
[0mGET /assets/NanumGothic-Regular-DZXllXnW.woff2 [32m200[0m 1.874 ms - 696072[0m
[0mGET /assets/IndexPage-BYjibxls.css [32m200[0m 0.861 ms - 595[0m
[0mGET /assets/IndexPage-DrKMUayh.js [32m200[0m 1.399 ms - 10063[0m
[0mGET /assets/usePresets-BHtEP-DZ.js [32m200[0m 1.133 ms - 5812[0m
[0mGET /assets/usePresets-BeFm9EEb.css [32m200[0m 1.198 ms - 1373[0m
[0mGET /assets/PreloadBadge-DfTaXdGk.js [32m200[0m 1.597 ms - 914[0m
[32m2026-08-20 11:17:15 [info]: Command sent to player: {"command":"get_audio_devices"} [39m
[0mGET /api/player/audio_devices [36m304[0m 0.588 ms - -[0m
[0mGET /api/player/presets [36m304[0m 0.871 ms - -[0m
[0mGET / [32m200[0m 19.305 ms - 876[0m
[34m2026-08-20 11:19:23 [debug]: Client disconnected: f1Ll2WnKKgPNnrU-AAA1 [39m
[0mGET /assets/index-BBHCJSDf.css [32m200[0m 13.103 ms - 205519[0m
[0mGET /assets/index-ywU2a-Ta.js [32m200[0m 39.377 ms - 256331[0m
[0mGET /assets/axios-C068TBdY.js [32m200[0m 19.205 ms - 333[0m
[0mGET /assets/KFOMCnqEu92Fr1ME7kSn66aGLdTylUAMQXC89YmC2DPNWubEbVmUiAw-3fZ6d7DD.woff [32m200[0m 13.980 ms - 25192[0m
[0mGET /assets/vue-i18n-C0L-br7h.js [32m200[0m 20.271 ms - 58979[0m
[0mGET /assets/i18n-DqNyLjpH.js [32m200[0m 27.812 ms - 43889[0m
[0mGET /assets/index-xsH4HHeE.js [32m200[0m 36.829 ms - 35205[0m
[0mGET /assets/useApi-CSYDtVf2.js [32m200[0m 21.156 ms - 766[0m
[0mGET /assets/useStatus-C_UBSiZb.js [32m200[0m 26.513 ms - 3330[0m
[0mGET /assets/use-quasar-BrhJCA32.js [32m200[0m 30.246 ms - 84[0m
[0mGET /assets/socketio-D-KRptvN.js [32m200[0m 46.986 ms - 42965[0m
[0mGET /assets/theme-B5dkAHg2.js [32m200[0m 25.832 ms - 126[0m
[0mGET /favicon.ico [32m200[0m 18.573 ms - 32012[0m
[0mGET /assets/useTheme-sfTH2c_U.js [32m200[0m 20.376 ms - 321[0m
[0mGET /assets/QList-B8hfNn7G.js [32m200[0m 17.373 ms - 608[0m
[0mGET /assets/_plugin-vue_export-helper-B0-rpVVL.js [32m200[0m 18.654 ms - 2557[0m
[0mGET /assets/MainLayout-C94uK0pi.js [32m200[0m 19.332 ms - 28399[0m
[0mGET /assets/TransportBar-k2H1NgAX.css [32m200[0m 1.979 ms - 399[0m
[0mGET /assets/MainLayout-DHfn0Ev5.css [32m200[0m 4.441 ms - 1575[0m
[0mGET /assets/usePresets-BeFm9EEb.css [32m200[0m 4.299 ms - 1373[0m
[0mGET /assets/rtl-DUGI4o9y.js [32m200[0m 35.027 ms - 11472[0m
[0mGET /assets/IndexPage-CY57cBTb.css [32m200[0m 20.911 ms - 735[0m
[0mGET /assets/audioDevice-CN6qpF_l.css [32m200[0m 19.192 ms - 198[0m
[0mGET /assets/QTabs-Dvl0MFgm.js [32m200[0m 44.393 ms - 12915[0m
[0mGET /assets/format-B8HdqhFp.js [32m200[0m 44.939 ms - 4232[0m
[0mGET /assets/touch-BjYP5sR0.js [32m200[0m 1.376 ms - 667[0m
[0mGET /assets/use-dialog-plugin-component-EsFNlPMW.js [32m200[0m 23.991 ms - 443[0m
[0mGET /assets/DelayedTooltip-vSUA9cMT.js [32m200[0m 14.492 ms - 424[0m
[0mGET /assets/confirmDialog-BeyM3Joa.js [32m200[0m 38.139 ms - 10646[0m
[0mGET /assets/TransportBar-wjQV9YqO.js [32m200[0m 26.477 ms - 8296[0m
[0mGET /assets/usePlayback-DBLG6Mht.js [32m200[0m 25.294 ms - 4685[0m
[0mGET /assets/usePlaylist-D85Lry7y.js [32m200[0m 27.132 ms - 15872[0m
[0mGET /assets/QPage-DNb3ITQr.js [32m200[0m 28.514 ms - 895[0m
[0mGET /assets/QItemLabel-p6kFQhhg.js [32m200[0m 17.548 ms - 668[0m
[0mGET /assets/IndexPage-BVWTtJ19.js [32m200[0m 31.312 ms - 10057[0m
[0mGET /assets/PageHeader-44Y0tRW_.js [32m200[0m 29.656 ms - 832[0m
[0mGET /assets/PreloadBadge-pF4dIcpW.js [32m200[0m 21.498 ms - 914[0m
[0mGET /assets/QChip-7osylufU.js [32m200[0m 23.892 ms - 2692[0m
[34m2026-08-20 11:19:24 [debug]: Client connected: TDjRFu-uevK8ppVEAAA5 [39m
[0mGET /assets/QBadge-Bd2NflWE.js [32m200[0m 42.261 ms - 923[0m
[0mGET /assets/usePresets-BfvivtZ1.js [32m200[0m 45.972 ms - 5812[0m
[0mGET /assets/QSelect-TaANm5C2.js [32m200[0m 64.937 ms - 28464[0m
[0mGET /assets/audioDevice-DNykFDth.js [32m200[0m 49.321 ms - 4782[0m
[0mGET /icons.svg [36m304[0m 0.338 ms - -[0m
[0mGET /assets/KFOMCnqEu92Fr1ME7kSn66aGLdTylUAMQXC89YmC2DPNWub2bVmUiAw-CHKg1YId.woff [32m200[0m 6.541 ms - 25396[0m
[0mGET /assets/flUhRq6tzZclQEJ-Vdg-IuiaDsNcIhQ8tQ-D-x-0Q06.woff2 [32m200[0m 6.440 ms - 128616[0m
[0mGET /assets/KFOMCnqEu92Fr1ME7kSn66aGLdTylUAMQXC89YmC2DPNWuYjalmUiAw-BepdiOnY.woff [32m200[0m 7.956 ms - 25552[0m
[0mGET /api/playlist [36m304[0m 1.770 ms - -[0m
[32m2026-08-20 11:19:24 [info]: Command sent to player: {"command":"get_audio_devices"} [39m
[0mGET /api/player/audio_devices [36m304[0m 2.391 ms - -[0m
[0mGET /api/player/presets [36m304[0m 0.534 ms - -[0m
[0mGET / [32m200[0m 1.277 ms - 876[0m
[34m2026-08-20 11:21:56 [debug]: Client disconnected: a7XSaHQ089ZNQKNmAAA3 [39m
[0mGET /assets/index-ywU2a-Ta.js [32m200[0m 0.863 ms - 256331[0m
[0mGET /assets/index-BBHCJSDf.css [32m200[0m 0.876 ms - 205519[0m
[0mGET /assets/i18n-DqNyLjpH.js [32m200[0m 1.146 ms - 43889[0m
[0mGET /assets/vue-i18n-C0L-br7h.js [32m200[0m 1.246 ms - 58979[0m
[0mGET /assets/axios-C068TBdY.js [32m200[0m 2.618 ms - 333[0m
[0mGET /assets/socketio-D-KRptvN.js [32m200[0m 2.756 ms - 42965[0m
[0mGET /assets/useStatus-C_UBSiZb.js [32m200[0m 2.894 ms - 3330[0m
[0mGET /assets/theme-B5dkAHg2.js [32m200[0m 2.746 ms - 126[0m
[0mGET /assets/use-quasar-BrhJCA32.js [32m200[0m 3.488 ms - 84[0m
[0mGET /assets/useApi-CSYDtVf2.js [32m200[0m 3.086 ms - 766[0m
[0mGET /assets/useTheme-sfTH2c_U.js [32m200[0m 5.072 ms - 321[0m
[0mGET /assets/index-xsH4HHeE.js [32m200[0m 5.265 ms - 35205[0m
[0mGET /favicon.ico [36m304[0m 0.214 ms - -[0m
[0mGET /assets/KFOMCnqEu92Fr1ME7kSn66aGLdTylUAMQXC89YmC2DPNWubEbVmUiAw-3fZ6d7DD.woff [32m200[0m 0.794 ms - 25192[0m
[0mGET /assets/MainLayout-C94uK0pi.js [32m200[0m 0.820 ms - 28399[0m
[0mGET /assets/_plugin-vue_export-helper-B0-rpVVL.js [32m200[0m 1.637 ms - 2557[0m
[0mGET /assets/rtl-DUGI4o9y.js [32m200[0m 1.625 ms - 11472[0m
[0mGET /assets/QList-B8hfNn7G.js [32m200[0m 1.854 ms - 608[0m
[0mGET /assets/format-B8HdqhFp.js [32m200[0m 1.937 ms - 4232[0m
[0mGET /assets/QTabs-Dvl0MFgm.js [32m200[0m 2.020 ms - 12915[0m
[0mGET /assets/confirmDialog-BeyM3Joa.js [32m200[0m 2.445 ms - 10646[0m
[0mGET /assets/TransportBar-k2H1NgAX.css [32m200[0m 2.004 ms - 399[0m
[0mGET /assets/MainLayout-DHfn0Ev5.css [32m200[0m 2.109 ms - 1575[0m
[0mGET /assets/IndexPage-CY57cBTb.css [32m200[0m 2.549 ms - 735[0m
[0mGET /assets/usePresets-BeFm9EEb.css [32m200[0m 2.359 ms - 1373[0m
[0mGET /assets/audioDevice-CN6qpF_l.css [32m200[0m 2.519 ms - 198[0m
[0mGET /assets/use-dialog-plugin-component-EsFNlPMW.js [32m200[0m 1.952 ms - 443[0m
[0mGET /assets/DelayedTooltip-vSUA9cMT.js [32m200[0m 1.473 ms - 424[0m
[0mGET /assets/TransportBar-wjQV9YqO.js [32m200[0m 1.458 ms - 8296[0m
[0mGET /assets/usePlaylist-D85Lry7y.js [32m200[0m 2.059 ms - 15872[0m
[0mGET /assets/usePlayback-DBLG6Mht.js [32m200[0m 2.055 ms - 4685[0m
[0mGET /assets/IndexPage-BVWTtJ19.js [32m200[0m 1.893 ms - 10057[0m
[0mGET /assets/QPage-DNb3ITQr.js [32m200[0m 2.053 ms - 895[0m
[0mGET /assets/PageHeader-44Y0tRW_.js [32m200[0m 1.479 ms - 832[0m
[34m2026-08-20 11:21:56 [debug]: Client connected: 04Pz_t7IF5Lc97sUAAA7 [39m
[0mGET /assets/QItemLabel-p6kFQhhg.js [32m200[0m 3.530 ms - 668[0m
[0mGET /assets/QSelect-TaANm5C2.js [32m200[0m 0.884 ms - 28464[0m
[0mGET /assets/touch-BjYP5sR0.js [32m200[0m 4.571 ms - 667[0m
[0mGET /assets/QBadge-Bd2NflWE.js [32m200[0m 3.557 ms - 923[0m
[0mGET /assets/QChip-7osylufU.js [32m200[0m 1.202 ms - 2692[0m
[0mGET /assets/PreloadBadge-pF4dIcpW.js [32m200[0m 1.036 ms - 914[0m
[0mGET /assets/usePresets-BfvivtZ1.js [32m200[0m 1.164 ms - 5812[0m
[0mGET /assets/audioDevice-DNykFDth.js [32m200[0m 1.770 ms - 4782[0m
[0mGET /icons.svg [36m304[0m 0.220 ms - -[0m
[0mGET /assets/KFOMCnqEu92Fr1ME7kSn66aGLdTylUAMQXC89YmC2DPNWuYjalmUiAw-BepdiOnY.woff [32m200[0m 1.466 ms - 25552[0m
[0mGET /assets/KFOMCnqEu92Fr1ME7kSn66aGLdTylUAMQXC89YmC2DPNWub2bVmUiAw-CHKg1YId.woff [32m200[0m 1.852 ms - 25396[0m
[0mGET /assets/flUhRq6tzZclQEJ-Vdg-IuiaDsNcIhQ8tQ-D-x-0Q06.woff2 [32m200[0m 1.788 ms - 128616[0m
[0mGET /api/playlist [36m304[0m 2.263 ms - -[0m
[32m2026-08-20 11:21:56 [info]: Command sent to player: {"command":"get_audio_devices"} [39m
[0mGET /api/player/audio_devices [36m304[0m 2.532 ms - -[0m
[0mGET /api/player/presets [36m304[0m 3.888 ms - -[0m
[0mGET /assets/FleetPage-CQkDY5Ek.css [32m200[0m 1.352 ms - 93[0m
[0mGET /assets/QMarkupTable-DoG5P8YA.js [32m200[0m 14.940 ms - 811[0m
[0mGET /assets/FleetPage-BsOeC_vj.js [32m200[0m 17.287 ms - 13126[0m
[0mPOST /api/fleet/refresh [32m200[0m 0.216 ms - 11[0m
[0mGET /assets/SourcesPage-CUuF0IZB.css [32m200[0m 2.246 ms - 91[0m
[0mGET /assets/useSources-CxxhpQ4I.js [32m200[0m 20.351 ms - 646[0m
[0mGET /assets/SourcesPage-Bf6s9edQ.js [32m200[0m 22.833 ms - 8084[0m
[0mGET /assets/QForm-CXNIRlTo.js [32m200[0m 24.172 ms - 2250[0m
[0mGET /api/sources [36m304[0m 0.521 ms - -[0m
[0mGET /assets/useFiles-DGNW5d3b.js [32m200[0m 12.392 ms - 2112[0m
[0mGET /assets/QSlideTransition-CxgUq15O.js [32m200[0m 13.066 ms - 1333[0m
[0mGET /assets/FilesPage-j_uu91dU.css [32m200[0m 13.130 ms - 1731[0m
[0mGET /assets/deleteFile-D7QN-zSX.js [32m200[0m 18.582 ms - 16606[0m
[0mGET /assets/FilesPage-C208x1PF.js [32m200[0m 22.075 ms - 62681[0m
[0mGET /api/files [36m304[0m 3.937 ms - -[0m
[0mGET /api/folders [36m304[0m 4.248 ms - -[0m
[0mGET /api/files/thumbnail/2b977aae-9055-41e4-b134-8e34af827db7 [36m304[0m 1.087 ms - -[0m
[0mGET /api/files/thumbnail/7327ae6a-230f-43a5-bbc8-314cc0cf385a [36m304[0m 1.194 ms - -[0m
[0mGET /api/files/thumbnail/6aa26f1a-11c1-469a-8239-113d0fc45884 [36m304[0m 1.891 ms - -[0m
[0mGET /api/files/thumbnail/6ccc8817-8fc9-4fb6-8901-205a33fb9ac9 [36m304[0m 2.342 ms - -[0m
[0mGET /api/files/thumbnail/b7b9a649-e9b9-40bd-a698-212291afb0d2 [36m304[0m 0.933 ms - -[0m
[0mGET /api/files/thumbnail/4302a862-2015-43d2-8f37-a2bd34e0642f [36m304[0m 1.147 ms - -[0m
[0mGET /api/files/thumbnail/a07d9516-de81-4fb6-8fa0-354ef8afd389 [36m304[0m 0.981 ms - -[0m
[0mGET /api/files/thumbnail/103b5718-1096-44d1-a67b-a9577a083125 [36m304[0m 1.458 ms - -[0m
[0mGET /api/files/thumbnail/0bca07d2-db37-49e2-8380-46f22e574267 [36m304[0m 1.560 ms - -[0m
[0mGET /api/files/thumbnail/a49d7c2b-48bb-4c4f-a39c-a43294b17341 [36m304[0m 0.824 ms - -[0m
[0mGET /assets/NanumGothic-Regular-DZXllXnW.woff2 [32m200[0m 19.802 ms - 696072[0m
[0mPOST /api/fleet/refresh [32m200[0m 0.262 ms - 11[0m
[0mGET /api/files [36m304[0m 2.141 ms - -[0m
[0mGET /api/folders [36m304[0m 2.440 ms - -[0m
[32m2026-08-20 11:23:56 [info]: Command sent to player: {"command":"get_audio_devices"} [39m
[0mGET /api/player/audio_devices [36m304[0m 0.560 ms - -[0m
[0mGET /api/player/presets [36m304[0m 0.842 ms - -[0m
[0mPOST /api/fleet/refresh [32m200[0m 0.171 ms - 11[0m
[0mGET /api/files [36m304[0m 2.297 ms - -[0m
[0mGET /api/folders [36m304[0m 2.474 ms - -[0m
[0mGET /api/sources [36m304[0m 0.567 ms - -[0m
[0mGET /assets/LayoutsPage-Cf0HyL_b.css [32m200[0m 1.664 ms - 628[0m
[0mGET /assets/LayoutsPage-CDdj7vFX.js [32m200[0m 16.293 ms - 12308[0m
[0mGET /assets/QTabPanels-DS68Xz_N.js [32m200[0m 17.233 ms - 7042[0m
[32m2026-08-20 11:24:01 [info]: Command sent to player: {"command":"get_displays"} [39m
[0mGET /api/player/displays [36m304[0m 0.712 ms - -[0m
[0mGET /api/sources [36m304[0m 0.867 ms - -[0m
[0mGET /assets/SettingsPage-OTHrv9Wt.css [32m200[0m 10.936 ms - 2291[0m
[0mGET /assets/SettingsPage-DSnGXELq.js [32m200[0m 28.139 ms - 44449[0m
[0mGET /api/playlist [36m304[0m 1.196 ms - -[0m
[32m2026-08-20 11:24:02 [info]: Command sent to player: {"command":"get_audio_devices"} [39m
[0mGET /api/player/audio_devices [36m304[0m 1.357 ms - -[0m
[0mGET /api/sources [36m304[0m 0.556 ms - -[0m
[0mPOST /api/fleet/refresh [32m200[0m 0.253 ms - 11[0m
[32m2026-08-20 11:24:05 [info]: Command sent to player: {"command":"get_audio_devices"} [39m
[0mGET /api/player/audio_devices [36m304[0m 0.520 ms - -[0m
[0mGET /api/player/presets [36m304[0m 0.901 ms - -[0m
[0mPOST /api/fleet/refresh [32m200[0m 0.254 ms - 11[0m
[0mGET /assets/FleetPage-BsOeC_vj.js [33m404[0m 0.443 ms - 167[0m
[0mGET /assets/QMarkupTable-DoG5P8YA.js [33m404[0m 0.566 ms - 170[0m
[0mGET /assets/FleetPage-CQkDY5Ek.css [33m404[0m 0.237 ms - 168[0m
[0mGET / [32m200[0m 20.957 ms - 876[0m
[34m2026-08-20 11:25:36 [debug]: Client disconnected: 04Pz_t7IF5Lc97sUAAA7 [39m
[0mGET /assets/index-BBHCJSDf.css [32m200[0m 14.867 ms - 205519[0m
[0mGET /assets/index-DeuAu3kD.js [32m200[0m 85.075 ms - 256226[0m
[0mGET /assets/axios-DSFa3wqn.js [32m200[0m 24.000 ms - 333[0m
[0mGET /assets/i18n-D_D_wGFA.js [32m200[0m 28.702 ms - 43889[0m
[0mGET /assets/vue-i18n-D-i-8XXL.js [32m200[0m 28.780 ms - 58979[0m
[0mGET /assets/socketio-Cv2ZfPlA.js [32m200[0m 26.480 ms - 42965[0m
[0mGET /assets/useApi-CuhLhtWL.js [32m200[0m 52.069 ms - 766[0m
[0mGET /assets/useStatus-NcGPJM0s.js [32m200[0m 52.834 ms - 3330[0m
[0mGET /assets/use-quasar-ttKBdVU3.js [32m200[0m 20.662 ms - 84[0m
[0mGET /favicon.ico [36m304[0m 1.164 ms - -[0m
[0mGET /assets/theme-qTTlP19F.js [32m200[0m 23.758 ms - 126[0m
[0mGET /assets/useTheme-CeIcDOFo.js [32m200[0m 25.626 ms - 321[0m
[0mGET /assets/index-xsH4HHeE.js [32m200[0m 30.144 ms - 35205[0m
[0mGET /assets/KFOMCnqEu92Fr1ME7kSn66aGLdTylUAMQXC89YmC2DPNWubEbVmUiAw-3fZ6d7DD.woff [32m200[0m 10.204 ms - 25192[0m
[0mGET /assets/QList-CyrmKrbJ.js [32m200[0m 19.822 ms - 608[0m
[0mGET /assets/_plugin-vue_export-helper-CMOIa77f.js [32m200[0m 21.045 ms - 2557[0m
[0mGET /assets/rtl-wg0rkm7b.js [32m200[0m 21.196 ms - 11472[0m
[0mGET /assets/TransportBar-k2H1NgAX.css [32m200[0m 2.636 ms - 399[0m
[0mGET /assets/MainLayout-DHfn0Ev5.css [32m200[0m 6.490 ms - 1575[0m
[0mGET /assets/MainLayout-BuviYeeT.js [32m200[0m 32.225 ms - 28365[0m
[0mGET /assets/FleetPage-Bb-ab7_r.css [32m200[0m 11.022 ms - 93[0m
[0mGET /assets/DelayedTooltip-CEWD52o2.js [32m200[0m 44.200 ms - 4597[0m
[0mGET /assets/touch-BjYP5sR0.js [32m200[0m 13.339 ms - 667[0m
[0mGET /assets/QTabs-BcCGjFPj.js [32m200[0m 44.954 ms - 12915[0m
[34m2026-08-20 11:25:36 [debug]: Client connected: axAcK3pP5gxnqLmbAAA9 [39m
[0mGET /assets/use-dialog-plugin-component-D3ty07D7.js [32m200[0m 18.527 ms - 443[0m
[0mGET /assets/confirmDialog-DJT3EX25.js [32m200[0m 24.488 ms - 10646[0m
[0mGET /assets/usePlayback-DndFVgFo.js [32m200[0m 16.694 ms - 4685[0m
[0mGET /assets/usePlaylist-BWAWsE3S.js [32m200[0m 17.953 ms - 15880[0m
[0mGET /assets/FleetPage-C9MjioM3.js [32m200[0m 17.018 ms - 13197[0m
[0mGET /assets/TransportBar-C0W5GetO.js [32m200[0m 37.020 ms - 8262[0m
[0mGET /assets/QBadge-Da4IJa27.js [32m200[0m 35.298 ms - 923[0m
[0mGET /assets/QPage-B3XfSc1Q.js [32m200[0m 36.631 ms - 895[0m
[0mGET /assets/QChip-DlXBE7g-.js [32m200[0m 30.584 ms - 2692[0m
[0mGET /assets/QItemLabel-Am2u1GLm.js [32m200[0m 33.952 ms - 1442[0m
[0mGET /assets/QSelect-DdpRds0G.js [32m200[0m 37.366 ms - 28472[0m
[0mGET /assets/QMarkupTable-aJyKYA57.js [32m200[0m 33.068 ms - 811[0m
[0mGET /icons.svg [36m304[0m 0.320 ms - -[0m
[0mGET /assets/KFOMCnqEu92Fr1ME7kSn66aGLdTylUAMQXC89YmC2DPNWuYjalmUiAw-BepdiOnY.woff [32m200[0m 6.976 ms - 25552[0m
[0mGET /assets/KFOMCnqEu92Fr1ME7kSn66aGLdTylUAMQXC89YmC2DPNWub2bVmUiAw-CHKg1YId.woff [32m200[0m 7.204 ms - 25396[0m
[0mPOST /api/fleet/refresh [32m200[0m 0.364 ms - 11[0m
[0mGET /assets/flUhRq6tzZclQEJ-Vdg-IuiaDsNcIhQ8tQ-D-x-0Q06.woff2 [32m200[0m 8.012 ms - 128616[0m
[0mGET /assets/audioDevice-CWLHflGr.js [32m200[0m 15.845 ms - 4782[0m
[0mGET /assets/audioDevice-CN6qpF_l.css [32m200[0m 17.392 ms - 198[0m
[0mGET /assets/SettingsPage-OTHrv9Wt.css [32m200[0m 17.745 ms - 2291[0m
[0mGET /assets/QTabPanels-DrWyJhXP.js [32m200[0m 19.564 ms - 7042[0m
[0mGET /assets/SettingsPage-7dgna7Ly.js [32m200[0m 24.727 ms - 44382[0m
[0mGET /assets/deleteFile-CRIg7HZR.js [32m200[0m 24.673 ms - 16614[0m
[0mGET /api/playlist [36m304[0m 1.607 ms - -[0m
[32m2026-08-20 11:25:45 [info]: Command sent to player: {"command":"get_audio_devices"} [39m
[0mGET /api/player/audio_devices [36m304[0m 2.271 ms - -[0m
[0mGET /assets/NanumGothic-Regular-DZXllXnW.woff2 [32m200[0m 7.673 ms - 696072[0m
[0mGET /assets/OpenSourcePage-WvNM-C5Y.css [32m200[0m 7.271 ms - 549[0m
[0mGET /assets/QSlideTransition-BUGyNf6_.js [32m200[0m 14.067 ms - 1333[0m
[0mGET /assets/OpenSourcePage-Buuaykvv.js [32m200[0m 16.764 ms - 9123[0m
[0mGET /assets/QExpansionItem-PzMLEZgn.js [32m200[0m 17.672 ms - 4558[0m
[0mGET /api/playlist [36m304[0m 1.742 ms - -[0m
[32m2026-08-20 11:25:49 [info]: Command sent to player: {"command":"get_audio_devices"} [39m
[0mGET /api/player/audio_devices [36m304[0m 2.065 ms - -[0m
[32m2026-08-20 11:26:09 [info]: Command sent to player: {"command":"show_logo","show":false} [39m
[0mGET /api/status/logo/show/false [32m200[0m 2.982 ms - 30305[0m
[32m2026-08-20 11:26:09 [info]: Command sent to player: {"command":"show_logo","show":true} [39m
[0mGET /api/status/logo/show/true [32m200[0m 1.931 ms - 30303[0m
[0mGET /assets/FilesPage-j_uu91dU.css [32m200[0m 1.525 ms - 1731[0m
[0mGET /assets/QForm-BmO3JWAV.js [32m200[0m 18.455 ms - 2250[0m
[0mGET /assets/useFiles-nGyMAON3.js [32m200[0m 24.776 ms - 2112[0m
[0mGET /assets/FilesPage-B30S7ySo.js [32m200[0m 26.088 ms - 62609[0m
[0mGET /api/files [36m304[0m 3.104 ms - -[0m
[0mGET /api/folders [36m304[0m 0.497 ms - -[0m
[0mGET /api/files/thumbnail/2b977aae-9055-41e4-b134-8e34af827db7 [36m304[0m 0.792 ms - -[0m
[0mGET /api/files/thumbnail/7327ae6a-230f-43a5-bbc8-314cc0cf385a [36m304[0m 0.879 ms - -[0m
[0mGET /api/files/thumbnail/6aa26f1a-11c1-469a-8239-113d0fc45884 [36m304[0m 1.063 ms - -[0m
[0mGET /api/files/thumbnail/6ccc8817-8fc9-4fb6-8901-205a33fb9ac9 [36m304[0m 1.450 ms - -[0m
[0mGET /api/files/thumbnail/b7b9a649-e9b9-40bd-a698-212291afb0d2 [36m304[0m 1.694 ms - -[0m
[0mGET /api/files/thumbnail/4302a862-2015-43d2-8f37-a2bd34e0642f [36m304[0m 1.825 ms - -[0m
[0mGET /api/files/thumbnail/a07d9516-de81-4fb6-8fa0-354ef8afd389 [36m304[0m 1.517 ms - -[0m
[0mGET /api/files/thumbnail/103b5718-1096-44d1-a67b-a9577a083125 [36m304[0m 1.819 ms - -[0m
[0mGET /api/files/thumbnail/0bca07d2-db37-49e2-8380-46f22e574267 [36m304[0m 2.074 ms - -[0m
[0mGET /api/files/thumbnail/a49d7c2b-48bb-4c4f-a39c-a43294b17341 [36m304[0m 0.788 ms - -[0m
[0mPOST /api/fleet/refresh [32m200[0m 0.249 ms - 11[0m
[0mGET /assets/usePresets-BeFm9EEb.css [32m200[0m 9.234 ms - 1373[0m
[0mGET /assets/IndexPage-CY57cBTb.css [32m200[0m 9.792 ms - 735[0m
[0mGET /assets/PreloadBadge-TAGpXIMQ.js [32m200[0m 11.631 ms - 914[0m
[0mGET /assets/IndexPage-CE75dXqn.js [32m200[0m 16.947 ms - 9990[0m
[0mGET /assets/usePresets-B8thC-QW.js [32m200[0m 17.131 ms - 5812[0m
[32m2026-08-20 11:27:02 [info]: Command sent to player: {"command":"get_audio_devices"} [39m
[0mGET /api/player/audio_devices [36m304[0m 0.599 ms - -[0m
[0mGET /api/player/presets [36m304[0m 0.914 ms - -[0m
[0mPOST /api/fleet/refresh [32m200[0m 0.263 ms - 11[0m
[0mGET /api/files [36m304[0m 3.103 ms - -[0m
[0mGET /api/folders [36m304[0m 3.432 ms - -[0m
[32m2026-08-20 11:27:05 [info]: Command sent to player: {"command":"get_audio_devices"} [39m
[0mGET /api/player/audio_devices [36m304[0m 0.563 ms - -[0m
[0mGET /api/player/presets [36m304[0m 0.853 ms - -[0m
[32m2026-08-20 11:27:08 [info]: Preloaded playlist 1 [scene(full)] (7 tracks) [39m
[32m2026-08-20 11:27:08 [info]: Command sent to player: {"command":"playlist_mode","value":true} [39m
[32m2026-08-20 11:27:08 [info]: Command sent to player: {"command":"set_preload_config","lookahead":2,"max_decks":8} [39m
[32m2026-08-20 11:27:08 [info]: Command sent to player: {"command":"preload_playlist","window_id":2,"current_index":0,"tracks":[{"path":"C:\\Users\\kjh\\media\\73c09436-9c0a-4573-8648-7e44a07a4b6a\\Over_the_Horizon_2016.mp4","uuid":"73c09436-9c0a-4573-8648-7e44a07a4b6a","is_image":false,"mimetype":"video/mp4","time":0,"delay_ms":0,"volume":100,"channel_map":null,"muted":false,"embedded_streams":[{"index":0,"volume":100,"muted":false,"channels":[{"out":0,"volume":100,"muted":true,"name":"","delay_ms":0},{"out":1,"volume":100,"muted":true,"name":"","delay_ms":0}]}],"audios":[]},{"path":"C:\\Users\\kjh\\media\\ce829bb8-5861-40a4-b8f0-3388c61c1887\\MOANA_MEDLEY.mp4","uuid":"ce829bb8-5861-40a4-b8f0-3388c61c1887","is_image":false,"mimetype":"video/mp4","time":0,"delay_ms":0,"volume":100,"channel_map":null,"muted":false,"embedded_streams":null,"audios":[]},{"path":"C:\\Users\\kjh\\media\\a49d7c2b-48bb-4c4f-a39c-a43294b17341\\G-DLE Uh-Oh.mp4","uuid":"a49d7c2b-48bb-4c4f-a39c-a43294b17341","is_image":false,"mimetype":"video/mp4","time":0,"delay_ms":0,"volume":100,"channel_map":null,"muted":false,"embedded_streams":null,"audios":[]}]} [39m
[32m2026-08-20 11:27:08 [info]: Command sent to player: {"command":"preload_playlist","window_id":1,"current_index":0,"tracks":[{"path":"C:\\Users\\kjh\\media\\3f59623c-9089-46eb-bdde-b9cf89f05ac2\\aespa Better Things.mp4","uuid":"3f59623c-9089-46eb-bdde-b9cf89f05ac2","is_image":false,"mimetype":"video/mp4","time":0,"delay_ms":0,"volume":100,"channel_map":null,"muted":false,"embedded_streams":null,"audios":[]},{"path":"C:\\Users\\kjh\\media\\a07d9516-de81-4fb6-8fa0-354ef8afd389\\Daft_Punk_Pentatonix.mp4","uuid":"a07d9516-de81-4fb6-8fa0-354ef8afd389","is_image":false,"mimetype":"video/mp4","time":0,"delay_ms":0,"volume":100,"channel_map":null,"muted":false,"embedded_streams":[{"index":0,"volume":100,"muted":false,"channels":[{"out":0,"volume":100,"muted":true,"name":"","delay_ms":0},{"out":1,"volume":100,"muted":true,"name":"","delay_ms":0}]}],"audios":[]},{"path":"C:\\Users\\kjh\\media\\1be01da8-49cd-41cf-a872-8d24476a9ad2\\ITZY ICY.mp4","uuid":"1be01da8-49cd-41cf-a872-8d24476a9ad2","is_image":false,"mimetype":"video/mp4","time":0,"delay_ms":0,"volume":100,"channel_map":null,"muted":false,"embedded_streams":null,"audios":[]},{"path":"C:\\Users\\kjh\\media\\a07d9516-de81-4fb6-8fa0-354ef8afd389\\Daft_Punk_Pentatonix.mp4","uuid":"a07d9516-de81-4fb6-8fa0-354ef8afd389","is_image":false,"mimetype":"video/mp4","time":0,"delay_ms":0,"volume":100,"channel_map":null,"muted":false,"embedded_streams":null,"audios":[]},{"path":"C:\\Users\\kjh\\media\\e9f878d9-40b6-4bcb-8db0-be25b620b09a\\QLED 8K Unrivaled realism in real 8K   Samsung.mp4","uuid":"e9f878d9-40b6-4bcb-8db0-be25b620b09a","is_image":false,"mimetype":"video/mp4","time":0,"delay_ms":0,"volume":100,"channel_map":null,"muted":false,"embedded_streams":null,"audios":[]}]} [39m
[0mGET /api/playlist/preload?playlistId=1 [32m200[0m 2.963 ms - 25[0m
[32m2026-08-20 11:27:16 [info]: Command sent to player: {"command":"playlist_mode","value":true} [39m
[32m2026-08-20 11:27:16 [info]: Command sent to player: {"command":"get_running_time"} [39m
[32m2026-08-20 11:27:17 [info]: Scene 0 play: 2 clips [win 2,1] [39m
[32m2026-08-20 11:27:17 [info]: Command sent to player: {"command":"set_preload_config","lookahead":2,"max_decks":8} [39m
[32m2026-08-20 11:27:17 [info]: Command sent to player: {"command":"play_synced","scene_idx":0,"lead_ms":150,"timeout_ms":1500,"clips":[{"window_id":2,"track_idx":0,"current":{"path":"C:\\Users\\kjh\\media\\73c09436-9c0a-4573-8648-7e44a07a4b6a\\Over_the_Horizon_2016.mp4","uuid":"73c09436-9c0a-4573-8648-7e44a07a4b6a","is_image":false,"mimetype":"video/mp4","time":0,"delay_ms":0,"volume":100,"channel_map":null,"muted":false,"embedded_streams":[{"index":0,"volume":100,"muted":false,"channels":[{"out":0,"volume":100,"muted":true,"name":"","delay_ms":0},{"out":1,"volume":100,"muted":true,"name":"","delay_ms":0}]}],"audios":[]},"next":{"path":"C:\\Users\\kjh\\media\\ce829bb8-5861-40a4-b8f0-3388c61c1887\\MOANA_MEDLEY.mp4","uuid":"ce829bb8-5861-40a4-b8f0-3388c61c1887","is_image":false,"mimetype":"video/mp4","time":0,"delay_ms":0,"volume":100,"channel_map":null,"muted":false,"embedded_streams":null,"audios":[]}},{"window_id":1,"track_idx":0,"current":{"path":"C:\\Users\\kjh\\media\\3f59623c-9089-46eb-bdde-b9cf89f05ac2\\aespa Better Things.mp4","uuid":"3f59623c-9089-46eb-bdde-b9cf89f05ac2","is_image":false,"mimetype":"video/mp4","time":0,"delay_ms":0,"volume":100,"channel_map":null,"muted":false,"embedded_streams":null,"audios":[]},"next":{"path":"C:\\Users\\kjh\\media\\a07d9516-de81-4fb6-8fa0-354ef8afd389\\Daft_Punk_Pentatonix.mp4","uuid":"a07d9516-de81-4fb6-8fa0-354ef8afd389","is_image":false,"mimetype":"video/mp4","time":0,"delay_ms":0,"volume":100,"channel_map":null,"muted":false,"embedded_streams":[{"index":0,"volume":100,"muted":false,"channels":[{"out":0,"volume":100,"muted":true,"name":"","delay_ms":0},{"out":1,"volume":100,"muted":true,"name":"","delay_ms":0}]}],"audios":[]}}],"start_at":1000006000} [39m
[32m2026-08-20 11:27:17 [info]: Command sent to player: {"command":"set_channel_delays","delays":[0,0]} [39m
[0mGET /api/playlist/play?playlistId=1&trackIndex=0 [32m200[0m 316.327 ms - 60[0m
[0mGET /api/files/thumbnail/73c09436-9c0a-4573-8648-7e44a07a4b6a [32m200[0m 2.831 ms - 56815[0m
[0mGET /api/files/thumbnail/73c09436-9c0a-4573-8648-7e44a07a4b6a [36m304[0m 0.680 ms - -[0m
[32m2026-08-20 11:27:31 [info]: Play request (window 1) [39m
[32m2026-08-20 11:27:31 [info]: Playlist mode: (re)playing current [39m
[34m2026-08-20 11:27:31 [debug]: TCP response broadcasted to 0 clients: {"timestamp":"2026-08-20T02:27:31.216Z","success":true,"command":"event","message":"Event: playStarted","data":{"eventType":"playStarted","fileId":19,"filename":"Over_the_Horizon_2016.mp4"}} [39m
[32m2026-08-20 11:27:31 [info]: Scene 0 play: 2 clips [win 2,1] [39m
[0mGET /api/player/play/0?windowId=1 [32m200[0m 0.988 ms - 27[0m
[32m2026-08-20 11:27:31 [info]: Command sent to player: {"command":"set_preload_config","lookahead":2,"max_decks":8} [39m
[32m2026-08-20 11:27:31 [info]: Command sent to player: {"command":"play_synced","scene_idx":0,"lead_ms":150,"timeout_ms":1500,"clips":[{"window_id":2,"track_idx":0,"current":{"path":"C:\\Users\\kjh\\media\\73c09436-9c0a-4573-8648-7e44a07a4b6a\\Over_the_Horizon_2016.mp4","uuid":"73c09436-9c0a-4573-8648-7e44a07a4b6a","is_image":false,"mimetype":"video/mp4","time":0,"delay_ms":0,"volume":100,"channel_map":null,"muted":false,"embedded_streams":[{"index":0,"volume":100,"muted":false,"channels":[{"out":0,"volume":100,"muted":true,"name":"","delay_ms":0},{"out":1,"volume":100,"muted":true,"name":"","delay_ms":0}]}],"audios":[]},"next":{"path":"C:\\Users\\kjh\\media\\ce829bb8-5861-40a4-b8f0-3388c61c1887\\MOANA_MEDLEY.mp4","uuid":"ce829bb8-5861-40a4-b8f0-3388c61c1887","is_image":false,"mimetype":"video/mp4","time":0,"delay_ms":0,"volume":100,"channel_map":null,"muted":false,"embedded_streams":null,"audios":[]}},{"window_id":1,"track_idx":0,"current":{"path":"C:\\Users\\kjh\\media\\3f59623c-9089-46eb-bdde-b9cf89f05ac2\\aespa Better Things.mp4","uuid":"3f59623c-9089-46eb-bdde-b9cf89f05ac2","is_image":false,"mimetype":"video/mp4","time":0,"delay_ms":0,"volume":100,"channel_map":null,"muted":false,"embedded_streams":null,"audios":[]},"next":{"path":"C:\\Users\\kjh\\media\\a07d9516-de81-4fb6-8fa0-354ef8afd389\\Daft_Punk_Pentatonix.mp4","uuid":"a07d9516-de81-4fb6-8fa0-354ef8afd389","is_image":false,"mimetype":"video/mp4","time":0,"delay_ms":0,"volume":100,"channel_map":null,"muted":false,"embedded_streams":[{"index":0,"volume":100,"muted":false,"channels":[{"out":0,"volume":100,"muted":true,"name":"","delay_ms":0},{"out":1,"volume":100,"muted":true,"name":"","delay_ms":0}]}],"audios":[]}}]} [39m
[32m2026-08-20 11:27:31 [info]: Command sent to player: {"command":"set_channel_delays","delays":[0,0]} [39m
[0mGET /assets/PlaylistPage-D2LTrRp9.css [32m200[0m 1.685 ms - 5137[0m
[0mGET /assets/PlaylistPage-3BijOaZO.js [32m200[0m 129.534 ms - 220367[0m
[0mGET /api/playlist [36m304[0m 1.251 ms - -[0m
[0mPUT /api/playlist/select [32m200[0m 1.324 ms - 26244[0m
[32m2026-08-20 11:27:39 [info]: Preloaded playlist 1 [scene(full)] (7 tracks) [39m
[32m2026-08-20 11:27:39 [info]: Command sent to player: {"command":"playlist_mode","value":true} [39m
[32m2026-08-20 11:27:39 [info]: Command sent to player: {"command":"set_preload_config","lookahead":2,"max_decks":8} [39m
[32m2026-08-20 11:27:39 [info]: Command sent to player: {"command":"preload_playlist","window_id":2,"current_index":0,"tracks":[{"path":"C:\\Users\\kjh\\media\\73c09436-9c0a-4573-8648-7e44a07a4b6a\\Over_the_Horizon_2016.mp4","uuid":"73c09436-9c0a-4573-8648-7e44a07a4b6a","is_image":false,"mimetype":"video/mp4","time":0,"delay_ms":0,"volume":100,"channel_map":null,"muted":false,"embedded_streams":[{"index":0,"volume":100,"muted":false,"channels":[{"out":0,"volume":100,"muted":true,"name":"","delay_ms":0},{"out":1,"volume":100,"muted":true,"name":"","delay_ms":0}]}],"audios":[]},{"path":"C:\\Users\\kjh\\media\\ce829bb8-5861-40a4-b8f0-3388c61c1887\\MOANA_MEDLEY.mp4","uuid":"ce829bb8-5861-40a4-b8f0-3388c61c1887","is_image":false,"mimetype":"video/mp4","time":0,"delay_ms":0,"volume":100,"channel_map":null,"muted":false,"embedded_streams":null,"audios":[]},{"path":"C:\\Users\\kjh\\media\\a49d7c2b-48bb-4c4f-a39c-a43294b17341\\G-DLE Uh-Oh.mp4","uuid":"a49d7c2b-48bb-4c4f-a39c-a43294b17341","is_image":false,"mimetype":"video/mp4","time":0,"delay_ms":0,"volume":100,"channel_map":null,"muted":false,"embedded_streams":null,"audios":[]}]} [39m
[32m2026-08-20 11:27:39 [info]: Command sent to player: {"command":"preload_playlist","window_id":1,"current_index":0,"tracks":[{"path":"C:\\Users\\kjh\\media\\3f59623c-9089-46eb-bdde-b9cf89f05ac2\\aespa Better Things.mp4","uuid":"3f59623c-9089-46eb-bdde-b9cf89f05ac2","is_image":false,"mimetype":"video/mp4","time":0,"delay_ms":0,"volume":100,"channel_map":null,"muted":false,"embedded_streams":null,"audios":[]},{"path":"C:\\Users\\kjh\\media\\a07d9516-de81-4fb6-8fa0-354ef8afd389\\Daft_Punk_Pentatonix.mp4","uuid":"a07d9516-de81-4fb6-8fa0-354ef8afd389","is_image":false,"mimetype":"video/mp4","time":0,"delay_ms":0,"volume":100,"channel_map":null,"muted":false,"embedded_streams":[{"index":0,"volume":100,"muted":false,"channels":[{"out":0,"volume":100,"muted":true,"name":"","delay_ms":0},{"out":1,"volume":100,"muted":true,"name":"","delay_ms":0}]}],"audios":[]},{"path":"C:\\Users\\kjh\\media\\1be01da8-49cd-41cf-a872-8d24476a9ad2\\ITZY ICY.mp4","uuid":"1be01da8-49cd-41cf-a872-8d24476a9ad2","is_image":false,"mimetype":"video/mp4","time":0,"delay_ms":0,"volume":100,"channel_map":null,"muted":false,"embedded_streams":null,"audios":[]},{"path":"C:\\Users\\kjh\\media\\a07d9516-de81-4fb6-8fa0-354ef8afd389\\Daft_Punk_Pentatonix.mp4","uuid":"a07d9516-de81-4fb6-8fa0-354ef8afd389","is_image":false,"mimetype":"video/mp4","time":0,"delay_ms":0,"volume":100,"channel_map":null,"muted":false,"embedded_streams":null,"audios":[]},{"path":"C:\\Users\\kjh\\media\\e9f878d9-40b6-4bcb-8db0-be25b620b09a\\QLED 8K Unrivaled realism in real 8K   Samsung.mp4","uuid":"e9f878d9-40b6-4bcb-8db0-be25b620b09a","is_image":false,"mimetype":"video/mp4","time":0,"delay_ms":0,"volume":100,"channel_map":null,"muted":false,"embedded_streams":null,"audios":[]}]} [39m
[0mGET /api/playlist/preload?playlistId=1 [36m304[0m 1.603 ms - -[0m
[0mGET / [36m304[0m 0.388 ms - -[0m
[34m2026-08-20 11:27:42 [debug]: Client disconnected: axAcK3pP5gxnqLmbAAA9 [39m
[0mGET /assets/index-BBHCJSDf.css [36m304[0m 0.434 ms - -[0m
[0mGET /assets/index-DeuAu3kD.js [36m304[0m 0.462 ms - -[0m
[0mGET /assets/i18n-D_D_wGFA.js [36m304[0m 0.303 ms - -[0m
[0mGET /assets/vue-i18n-D-i-8XXL.js [36m304[0m 0.336 ms - -[0m
[0mGET /assets/axios-DSFa3wqn.js [36m304[0m 1.829 ms - -[0m
[0mGET /assets/index-xsH4HHeE.js [36m304[0m 1.947 ms - -[0m
[0mGET /assets/socketio-Cv2ZfPlA.js [36m304[0m 2.155 ms - -[0m
[0mGET /assets/useStatus-NcGPJM0s.js [36m304[0m 1.991 ms - -[0m
[0mGET /assets/useApi-CuhLhtWL.js [36m304[0m 1.892 ms - -[0m
[0mGET /assets/use-quasar-ttKBdVU3.js [36m304[0m 1.882 ms - -[0m
[0mGET /assets/theme-qTTlP19F.js [36m304[0m 0.318 ms - -[0m
[0mGET /assets/useTheme-CeIcDOFo.js [36m304[0m 0.425 ms - -[0m
[0mGET /assets/MainLayout-BuviYeeT.js [36m304[0m 1.597 ms - -[0m
[0mGET /assets/_plugin-vue_export-helper-CMOIa77f.js [36m304[0m 1.783 ms - -[0m
[0mGET /assets/rtl-wg0rkm7b.js [36m304[0m 1.793 ms - -[0m
[0mGET /assets/QList-CyrmKrbJ.js [36m304[0m 1.799 ms - -[0m
[0mGET /assets/DelayedTooltip-CEWD52o2.js [36m304[0m 2.497 ms - -[0m
[0mGET /assets/QTabs-BcCGjFPj.js [36m304[0m 0.907 ms - -[0m
[0mGET /assets/TransportBar-k2H1NgAX.css [36m304[0m 1.619 ms - -[0m
[0mGET /assets/MainLayout-DHfn0Ev5.css [36m304[0m 1.682 ms - -[0m
[0mGET /assets/PlaylistPage-D2LTrRp9.css [36m304[0m 1.761 ms - -[0m
[0mGET /assets/KFOMCnqEu92Fr1ME7kSn66aGLdTylUAMQXC89YmC2DPNWubEbVmUiAw-3fZ6d7DD.woff [36m304[0m 1.860 ms - -[0m
[0mGET /assets/confirmDialog-DJT3EX25.js [36m304[0m 1.917 ms - -[0m
[0mGET /assets/touch-BjYP5sR0.js [36m304[0m 1.525 ms - -[0m
[0mGET /assets/use-dialog-plugin-component-D3ty07D7.js [36m304[0m 1.541 ms - -[0m
[0mGET /assets/TransportBar-C0W5GetO.js [36m304[0m 1.606 ms - -[0m
[0mGET /assets/usePlaylist-BWAWsE3S.js [36m304[0m 1.659 ms - -[0m
[0mGET /assets/usePlayback-DndFVgFo.js [36m304[0m 1.716 ms - -[0m
[34m2026-08-20 11:27:42 [debug]: Client connected: PjP5HfYME-rcaMjlAAA_ [39m
[0mGET /assets/PlaylistPage-3BijOaZO.js [36m304[0m 4.483 ms - -[0m
[0mGET /assets/QPage-B3XfSc1Q.js [36m304[0m 4.526 ms - -[0m
[0mGET /assets/QItemLabel-Am2u1GLm.js [36m304[0m 4.714 ms - -[0m
[0mGET /assets/QBadge-Da4IJa27.js [36m304[0m 2.016 ms - -[0m
[0mGET /assets/QChip-DlXBE7g-.js [36m304[0m 2.072 ms - -[0m
[0mGET /assets/QSelect-DdpRds0G.js [36m304[0m 2.215 ms - -[0m
[0mGET /assets/PreloadBadge-TAGpXIMQ.js [36m304[0m 0.708 ms - -[0m
[0mGET /assets/QForm-BmO3JWAV.js [36m304[0m 0.670 ms - -[0m
[0mGET /assets/useFiles-nGyMAON3.js [36m304[0m 0.764 ms - -[0m
[0mGET /favicon.ico [36m304[0m 0.379 ms - -[0m
[0mGET /icons.svg [36m304[0m 0.817 ms - -[0m
[0mGET /assets/KFOMCnqEu92Fr1ME7kSn66aGLdTylUAMQXC89YmC2DPNWuYjalmUiAw-BepdiOnY.woff [36m304[0m 0.748 ms - -[0m
[0mGET /assets/flUhRq6tzZclQEJ-Vdg-IuiaDsNcIhQ8tQ-D-x-0Q06.woff2 [36m304[0m 0.725 ms - -[0m
[0mGET /assets/KFOMCnqEu92Fr1ME7kSn66aGLdTylUAMQXC89YmC2DPNWub2bVmUiAw-CHKg1YId.woff [36m304[0m 0.906 ms - -[0m
[0mGET /api/playlist [36m304[0m 1.134 ms - -[0m
[0mPUT /api/playlist/select [32m200[0m 2.170 ms - 26244[0m
[0mGET /api/files/thumbnail/73c09436-9c0a-4573-8648-7e44a07a4b6a [36m304[0m 0.655 ms - -[0m
[0mGET /api/files/thumbnail/a07d9516-de81-4fb6-8fa0-354ef8afd389 [36m304[0m 0.466 ms - -[0m
[0mGET /api/files/thumbnail/a49d7c2b-48bb-4c4f-a39c-a43294b17341 [36m304[0m 0.540 ms - -[0m
[0mGET / [36m304[0m 0.313 ms - -[0m
[34m2026-08-20 11:27:42 [debug]: Client disconnected: PjP5HfYME-rcaMjlAAA_ [39m
[0mGET /assets/index-DeuAu3kD.js [36m304[0m 0.686 ms - -[0m
[0mGET /assets/index-BBHCJSDf.css [36m304[0m 0.311 ms - -[0m
[0mGET /assets/i18n-D_D_wGFA.js [36m304[0m 0.832 ms - -[0m
[0mGET /assets/vue-i18n-D-i-8XXL.js [36m304[0m 0.667 ms - -[0m
[0mGET /assets/axios-DSFa3wqn.js [36m304[0m 0.927 ms - -[0m
[0mGET /assets/index-xsH4HHeE.js [36m304[0m 0.813 ms - -[0m
[0mGET /assets/socketio-Cv2ZfPlA.js [36m304[0m 0.781 ms - -[0m
[0mGET /assets/useStatus-NcGPJM0s.js [36m304[0m 0.794 ms - -[0m
[0mGET /assets/useApi-CuhLhtWL.js [36m304[0m 0.838 ms - -[0m
[0mGET /assets/use-quasar-ttKBdVU3.js [36m304[0m 0.835 ms - -[0m
[0mGET /assets/theme-qTTlP19F.js [36m304[0m 0.219 ms - -[0m
[0mGET /assets/useTheme-CeIcDOFo.js [36m304[0m 0.249 ms - -[0m
[0mGET /favicon.ico [36m304[0m 0.252 ms - -[0m
[0mGET /assets/MainLayout-BuviYeeT.js [36m304[0m 0.905 ms - -[0m
[0mGET /assets/_plugin-vue_export-helper-CMOIa77f.js [36m304[0m 0.747 ms - -[0m
[0mGET /assets/rtl-wg0rkm7b.js [36m304[0m 0.382 ms - -[0m
[0mGET /assets/QList-CyrmKrbJ.js [36m304[0m 0.421 ms - -[0m
[0mGET /assets/DelayedTooltip-CEWD52o2.js [36m304[0m 0.473 ms - -[0m
[0mGET /assets/QTabs-BcCGjFPj.js [36m304[0m 0.544 ms - -[0m
[0mGET /assets/confirmDialog-DJT3EX25.js [36m304[0m 0.579 ms - -[0m
[0mGET /assets/touch-BjYP5sR0.js [36m304[0m 0.610 ms - -[0m
[0mGET /assets/use-dialog-plugin-component-D3ty07D7.js [36m304[0m 0.643 ms - -[0m
[0mGET /assets/TransportBar-C0W5GetO.js [36m304[0m 0.669 ms - -[0m
[0mGET /assets/usePlaylist-BWAWsE3S.js [36m304[0m 0.729 ms - -[0m
[0mGET /assets/TransportBar-k2H1NgAX.css [36m304[0m 0.610 ms - -[0m
[0mGET /assets/MainLayout-DHfn0Ev5.css [36m304[0m 1.195 ms - -[0m
[0mGET /assets/PlaylistPage-D2LTrRp9.css [36m304[0m 1.128 ms - -[0m
[0mGET /assets/usePlayback-DndFVgFo.js [36m304[0m 1.208 ms - -[0m
[0mGET /assets/PlaylistPage-3BijOaZO.js [36m304[0m 1.674 ms - -[0m
[0mGET /assets/QPage-B3XfSc1Q.js [36m304[0m 0.566 ms - -[0m
[0mGET /assets/QItemLabel-Am2u1GLm.js [36m304[0m 1.660 ms - -[0m
[0mGET /assets/QBadge-Da4IJa27.js [36m304[0m 1.315 ms - -[0m
[0mGET /assets/QSelect-DdpRds0G.js [36m304[0m 1.487 ms - -[0m
[0mGET /assets/QChip-DlXBE7g-.js [36m304[0m 1.679 ms - -[0m
[34m2026-08-20 11:27:42 [debug]: Client connected: TMAJdY64Xwut3ExvAABB [39m
[0mGET /assets/PreloadBadge-TAGpXIMQ.js [36m304[0m 2.406 ms - -[0m
[0mGET /assets/QForm-BmO3JWAV.js [36m304[0m 2.489 ms - -[0m
[0mGET /assets/useFiles-nGyMAON3.js [36m304[0m 2.552 ms - -[0m
[0mGET /assets/KFOMCnqEu92Fr1ME7kSn66aGLdTylUAMQXC89YmC2DPNWubEbVmUiAw-3fZ6d7DD.woff [36m304[0m 0.338 ms - -[0m
[0mGET /icons.svg [36m304[0m 0.330 ms - -[0m
[0mGET /assets/KFOMCnqEu92Fr1ME7kSn66aGLdTylUAMQXC89YmC2DPNWuYjalmUiAw-BepdiOnY.woff [36m304[0m 0.981 ms - -[0m
[0mGET /assets/flUhRq6tzZclQEJ-Vdg-IuiaDsNcIhQ8tQ-D-x-0Q06.woff2 [36m304[0m 1.011 ms - -[0m
[0mGET /assets/KFOMCnqEu92Fr1ME7kSn66aGLdTylUAMQXC89YmC2DPNWub2bVmUiAw-CHKg1YId.woff [36m304[0m 1.081 ms - -[0m
[0mGET /api/playlist [36m304[0m 1.298 ms - -[0m
[0mPUT /api/playlist/select [32m200[0m 2.377 ms - 26244[0m
[0mGET /api/files/thumbnail/73c09436-9c0a-4573-8648-7e44a07a4b6a [36m304[0m 0.622 ms - -[0m
[0mGET /api/files/thumbnail/a07d9516-de81-4fb6-8fa0-354ef8afd389 [36m304[0m 0.737 ms - -[0m
[0mGET /api/files/thumbnail/a49d7c2b-48bb-4c4f-a39c-a43294b17341 [36m304[0m 0.693 ms - -[0m
[32m2026-08-20 11:27:50 [info]: Command sent to player: {"command":"playlist_mode","value":true} [39m
[32m2026-08-20 11:27:50 [info]: Command sent to player: {"command":"get_running_time"} [39m
[32m2026-08-20 11:27:50 [info]: Scene 0 play: 2 clips [win 2,1] [39m
[32m2026-08-20 11:27:50 [info]: Command sent to player: {"command":"set_preload_config","lookahead":2,"max_decks":8} [39m
[32m2026-08-20 11:27:50 [info]: Command sent to player: {"command":"play_synced","scene_idx":0,"lead_ms":150,"timeout_ms":1500,"clips":[{"window_id":2,"track_idx":0,"current":{"path":"C:\\Users\\kjh\\media\\73c09436-9c0a-4573-8648-7e44a07a4b6a\\Over_the_Horizon_2016.mp4","uuid":"73c09436-9c0a-4573-8648-7e44a07a4b6a","is_image":false,"mimetype":"video/mp4","time":0,"delay_ms":0,"volume":100,"channel_map":null,"muted":false,"embedded_streams":[{"index":0,"volume":100,"muted":false,"channels":[{"out":0,"volume":100,"muted":true,"name":"","delay_ms":0},{"out":1,"volume":100,"muted":true,"name":"","delay_ms":0}]}],"audios":[]},"next":{"path":"C:\\Users\\kjh\\media\\ce829bb8-5861-40a4-b8f0-3388c61c1887\\MOANA_MEDLEY.mp4","uuid":"ce829bb8-5861-40a4-b8f0-3388c61c1887","is_image":false,"mimetype":"video/mp4","time":0,"delay_ms":0,"volume":100,"channel_map":null,"muted":false,"embedded_streams":null,"audios":[]}},{"window_id":1,"track_idx":0,"current":{"path":"C:\\Users\\kjh\\media\\3f59623c-9089-46eb-bdde-b9cf89f05ac2\\aespa Better Things.mp4","uuid":"3f59623c-9089-46eb-bdde-b9cf89f05ac2","is_image":false,"mimetype":"video/mp4","time":0,"delay_ms":0,"volume":100,"channel_map":null,"muted":false,"embedded_streams":null,"audios":[]},"next":{"path":"C:\\Users\\kjh\\media\\a07d9516-de81-4fb6-8fa0-354ef8afd389\\Daft_Punk_Pentatonix.mp4","uuid":"a07d9516-de81-4fb6-8fa0-354ef8afd389","is_image":false,"mimetype":"video/mp4","time":0,"delay_ms":0,"volume":100,"channel_map":null,"muted":false,"embedded_streams":[{"index":0,"volume":100,"muted":false,"channels":[{"out":0,"volume":100,"muted":true,"name":"","delay_ms":0},{"out":1,"volume":100,"muted":true,"name":"","delay_ms":0}]}],"audios":[]}}],"start_at":1000006000} [39m
[32m2026-08-20 11:27:50 [info]: Command sent to player: {"command":"set_channel_delays","delays":[0,0]} [39m
[0mGET /api/playlist/play?playlistId=1&trackIndex=0 [36m304[0m 303.625 ms - -[0m
[32m2026-08-20 11:27:53 [info]: Play request (window 1) [39m
[32m2026-08-20 11:27:53 [info]: Playlist mode: (re)playing current [39m
[34m2026-08-20 11:27:53 [debug]: TCP response broadcasted to 0 clients: {"timestamp":"2026-08-20T02:27:53.888Z","success":true,"command":"event","message":"Event: playStarted","data":{"eventType":"playStarted","fileId":19,"filename":"Over_the_Horizon_2016.mp4"}} [39m
[32m2026-08-20 11:27:53 [info]: Scene 0 play: 2 clips [win 2,1] [39m
[0mGET /api/player/play/0?windowId=1 [36m304[0m 1.502 ms - -[0m
[32m2026-08-20 11:27:53 [info]: Command sent to player: {"command":"set_preload_config","lookahead":2,"max_decks":8} [39m
[32m2026-08-20 11:27:53 [info]: Command sent to player: {"command":"play_synced","scene_idx":0,"lead_ms":150,"timeout_ms":1500,"clips":[{"window_id":2,"track_idx":0,"current":{"path":"C:\\Users\\kjh\\media\\73c09436-9c0a-4573-8648-7e44a07a4b6a\\Over_the_Horizon_2016.mp4","uuid":"73c09436-9c0a-4573-8648-7e44a07a4b6a","is_image":false,"mimetype":"video/mp4","time":0,"delay_ms":0,"volume":100,"channel_map":null,"muted":false,"embedded_streams":[{"index":0,"volume":100,"muted":false,"channels":[{"out":0,"volume":100,"muted":true,"name":"","delay_ms":0},{"out":1,"volume":100,"muted":true,"name":"","delay_ms":0}]}],"audios":[]},"next":{"path":"C:\\Users\\kjh\\media\\ce829bb8-5861-40a4-b8f0-3388c61c1887\\MOANA_MEDLEY.mp4","uuid":"ce829bb8-5861-40a4-b8f0-3388c61c1887","is_image":false,"mimetype":"video/mp4","time":0,"delay_ms":0,"volume":100,"channel_map":null,"muted":false,"embedded_streams":null,"audios":[]}},{"window_id":1,"track_idx":0,"current":{"path":"C:\\Users\\kjh\\media\\3f59623c-9089-46eb-bdde-b9cf89f05ac2\\aespa Better Things.mp4","uuid":"3f59623c-9089-46eb-bdde-b9cf89f05ac2","is_image":false,"mimetype":"video/mp4","time":0,"delay_ms":0,"volume":100,"channel_map":null,"muted":false,"embedded_streams":null,"audios":[]},"next":{"path":"C:\\Users\\kjh\\media\\a07d9516-de81-4fb6-8fa0-354ef8afd389\\Daft_Punk_Pentatonix.mp4","uuid":"a07d9516-de81-4fb6-8fa0-354ef8afd389","is_image":false,"mimetype":"video/mp4","time":0,"delay_ms":0,"volume":100,"channel_map":null,"muted":false,"embedded_streams":[{"index":0,"volume":100,"muted":false,"channels":[{"out":0,"volume":100,"muted":true,"name":"","delay_ms":0},{"out":1,"volume":100,"muted":true,"name":"","delay_ms":0}]}],"audios":[]}}]} [39m
[32m2026-08-20 11:27:53 [info]: Command sent to player: {"command":"set_channel_delays","delays":[0,0]} [39m
[32m2026-08-20 11:28:01 [info]: Command sent to player: {"command":"playlist_mode","value":true} [39m
[32m2026-08-20 11:28:01 [info]: Command sent to player: {"command":"get_running_time"} [39m
[32m2026-08-20 11:28:01 [info]: Scene 0 play: 2 clips [win 2,1] [39m
[32m2026-08-20 11:28:01 [info]: Command sent to player: {"command":"set_preload_config","lookahead":2,"max_decks":8} [39m
[32m2026-08-20 11:28:01 [info]: Command sent to player: {"command":"play_synced","scene_idx":0,"lead_ms":150,"timeout_ms":1500,"clips":[{"window_id":2,"track_idx":0,"current":{"path":"C:\\Users\\kjh\\media\\73c09436-9c0a-4573-8648-7e44a07a4b6a\\Over_the_Horizon_2016.mp4","uuid":"73c09436-9c0a-4573-8648-7e44a07a4b6a","is_image":false,"mimetype":"video/mp4","time":0,"delay_ms":0,"volume":100,"channel_map":null,"muted":false,"embedded_streams":[{"index":0,"volume":100,"muted":false,"channels":[{"out":0,"volume":100,"muted":true,"name":"","delay_ms":0},{"out":1,"volume":100,"muted":true,"name":"","delay_ms":0}]}],"audios":[]},"next":{"path":"C:\\Users\\kjh\\media\\ce829bb8-5861-40a4-b8f0-3388c61c1887\\MOANA_MEDLEY.mp4","uuid":"ce829bb8-5861-40a4-b8f0-3388c61c1887","is_image":false,"mimetype":"video/mp4","time":0,"delay_ms":0,"volume":100,"channel_map":null,"muted":false,"embedded_streams":null,"audios":[]}},{"window_id":1,"track_idx":0,"current":{"path":"C:\\Users\\kjh\\media\\3f59623c-9089-46eb-bdde-b9cf89f05ac2\\aespa Better Things.mp4","uuid":"3f59623c-9089-46eb-bdde-b9cf89f05ac2","is_image":false,"mimetype":"video/mp4","time":0,"delay_ms":0,"volume":100,"channel_map":null,"muted":false,"embedded_streams":null,"audios":[]},"next":{"path":"C:\\Users\\kjh\\media\\a07d9516-de81-4fb6-8fa0-354ef8afd389\\Daft_Punk_Pentatonix.mp4","uuid":"a07d9516-de81-4fb6-8fa0-354ef8afd389","is_image":false,"mimetype":"video/mp4","time":0,"delay_ms":0,"volume":100,"channel_map":null,"muted":false,"embedded_streams":[{"index":0,"volume":100,"muted":false,"channels":[{"out":0,"volume":100,"muted":true,"name":"","delay_ms":0},{"out":1,"volume":100,"muted":true,"name":"","delay_ms":0}]}],"audios":[]}}],"start_at":1000006000} [39m
[32m2026-08-20 11:28:01 [info]: Command sent to player: {"command":"set_channel_delays","delays":[0,0]} [39m
[0mGET /api/playlist/play?playlistId=1&trackIndex=0 [36m304[0m 304.252 ms - -[0m
[0mGET /api/files/thumbnail/3f59623c-9089-46eb-bdde-b9cf89f05ac2 [32m200[0m 11.314 ms - 133023[0m
[0mGET / [36m304[0m 0.261 ms - -[0m
[34m2026-08-20 11:28:11 [debug]: Client disconnected: TMAJdY64Xwut3ExvAABB [39m
[0mGET /assets/index-DeuAu3kD.js [36m304[0m 0.491 ms - -[0m
[0mGET /assets/index-BBHCJSDf.css [36m304[0m 0.521 ms - -[0m
[0mGET /assets/i18n-D_D_wGFA.js [36m304[0m 0.277 ms - -[0m
[0mGET /assets/vue-i18n-D-i-8XXL.js [36m304[0m 0.239 ms - -[0m
[0mGET /assets/axios-DSFa3wqn.js [36m304[0m 0.269 ms - -[0m
[0mGET /assets/index-xsH4HHeE.js [36m304[0m 0.272 ms - -[0m
[0mGET /assets/socketio-Cv2ZfPlA.js [36m304[0m 1.609 ms - -[0m
[0mGET /assets/useStatus-NcGPJM0s.js [36m304[0m 1.683 ms - -[0m
[0mGET /assets/useApi-CuhLhtWL.js [36m304[0m 1.698 ms - -[0m
[0mGET /assets/use-quasar-ttKBdVU3.js [36m304[0m 1.757 ms - -[0m
[0mGET /assets/theme-qTTlP19F.js [36m304[0m 1.742 ms - -[0m
[0mGET /assets/useTheme-CeIcDOFo.js [36m304[0m 1.716 ms - -[0m
[0mGET /assets/KFOMCnqEu92Fr1ME7kSn66aGLdTylUAMQXC89YmC2DPNWubEbVmUiAw-3fZ6d7DD.woff [36m304[0m 0.411 ms - -[0m
[0mGET /favicon.ico [36m304[0m 0.467 ms - -[0m
[0mGET /assets/MainLayout-BuviYeeT.js [36m304[0m 1.566 ms - -[0m
[0mGET /assets/_plugin-vue_export-helper-CMOIa77f.js [36m304[0m 1.616 ms - -[0m
[0mGET /assets/rtl-wg0rkm7b.js [36m304[0m 1.683 ms - -[0m
[0mGET /assets/QList-CyrmKrbJ.js [36m304[0m 1.828 ms - -[0m
[0mGET /assets/DelayedTooltip-CEWD52o2.js [36m304[0m 1.762 ms - -[0m
[0mGET /assets/QTabs-BcCGjFPj.js [36m304[0m 1.679 ms - -[0m
[0mGET /assets/TransportBar-k2H1NgAX.css [36m304[0m 1.450 ms - -[0m
[0mGET /assets/MainLayout-DHfn0Ev5.css [36m304[0m 1.550 ms - -[0m
[0mGET /assets/PlaylistPage-D2LTrRp9.css [36m304[0m 1.363 ms - -[0m
[0mGET /assets/confirmDialog-DJT3EX25.js [36m304[0m 1.400 ms - -[0m
[0mGET /assets/touch-BjYP5sR0.js [36m304[0m 1.434 ms - -[0m
[0mGET /assets/use-dialog-plugin-component-D3ty07D7.js [36m304[0m 1.466 ms - -[0m
[0mGET /assets/TransportBar-C0W5GetO.js [36m304[0m 0.868 ms - -[0m
[0mGET /assets/usePlaylist-BWAWsE3S.js [36m304[0m 1.131 ms - -[0m
[0mGET /assets/usePlayback-DndFVgFo.js [36m304[0m 1.270 ms - -[0m
[0mGET /assets/PlaylistPage-3BijOaZO.js [36m304[0m 1.495 ms - -[0m
[0mGET /assets/QPage-B3XfSc1Q.js [36m304[0m 1.757 ms - -[0m
[0mGET /assets/QItemLabel-Am2u1GLm.js [36m304[0m 1.178 ms - -[0m
[0mGET /assets/QBadge-Da4IJa27.js [36m304[0m 1.059 ms - -[0m
[0mGET /assets/QSelect-DdpRds0G.js [36m304[0m 1.055 ms - -[0m
[0mGET /assets/QChip-DlXBE7g-.js [36m304[0m 1.072 ms - -[0m
[0mGET /assets/PreloadBadge-TAGpXIMQ.js [36m304[0m 1.108 ms - -[0m
[0mGET /assets/QForm-BmO3JWAV.js [36m304[0m 0.867 ms - -[0m
[34m2026-08-20 11:28:12 [debug]: Client connected: yz3IQNUROUFZiLMtAABD [39m
[0mGET /assets/useFiles-nGyMAON3.js [36m304[0m 1.211 ms - -[0m
[0mGET /icons.svg [36m304[0m 0.394 ms - -[0m
[0mGET /assets/KFOMCnqEu92Fr1ME7kSn66aGLdTylUAMQXC89YmC2DPNWuYjalmUiAw-BepdiOnY.woff [36m304[0m 0.724 ms - -[0m
[0mGET /assets/flUhRq6tzZclQEJ-Vdg-IuiaDsNcIhQ8tQ-D-x-0Q06.woff2 [36m304[0m 0.601 ms - -[0m
[0mGET /assets/KFOMCnqEu92Fr1ME7kSn66aGLdTylUAMQXC89YmC2DPNWub2bVmUiAw-CHKg1YId.woff [36m304[0m 0.954 ms - -[0m
[0mGET /api/playlist [36m304[0m 0.888 ms - -[0m
[0mPUT /api/playlist/select [32m200[0m 1.868 ms - 26244[0m
[0mGET /api/files/thumbnail/3f59623c-9089-46eb-bdde-b9cf89f05ac2 [36m304[0m 0.568 ms - -[0m
[0mGET /api/files/thumbnail/73c09436-9c0a-4573-8648-7e44a07a4b6a [36m304[0m 0.444 ms - -[0m
[0mGET /api/files/thumbnail/a07d9516-de81-4fb6-8fa0-354ef8afd389 [36m304[0m 0.743 ms - -[0m
[0mGET /api/files/thumbnail/a49d7c2b-48bb-4c4f-a39c-a43294b17341 [36m304[0m 0.556 ms - -[0m
[0mGET / [32m200[0m 11.555 ms - 876[0m
[34m2026-08-20 11:29:45 [debug]: Client disconnected: TDjRFu-uevK8ppVEAAA5 [39m
[0mGET /assets/index-BBHCJSDf.css [32m200[0m 8.889 ms - 205519[0m
[0mGET /assets/index-Orhx-LBB.js [32m200[0m 43.522 ms - 256226[0m
[0mGET /assets/axios-Bpln4NpQ.js [32m200[0m 19.027 ms - 333[0m
[0mGET /assets/i18n-e8UmAg_o.js [32m200[0m 24.806 ms - 43889[0m
[0mGET /assets/vue-i18n-DelrJYxZ.js [32m200[0m 23.151 ms - 58979[0m
[0mGET /assets/index-xsH4HHeE.js [32m200[0m 24.272 ms - 35205[0m
[0mGET /assets/KFOMCnqEu92Fr1ME7kSn66aGLdTylUAMQXC89YmC2DPNWubEbVmUiAw-3fZ6d7DD.woff [32m200[0m 13.408 ms - 25192[0m
[0mGET /assets/useStatus-CDFCj8BU.js [32m200[0m 33.455 ms - 3330[0m
[0mGET /assets/useApi-BAAVv7ox.js [32m200[0m 25.910 ms - 766[0m
[0mGET /assets/socketio-CTpFt-vS.js [32m200[0m 49.971 ms - 42965[0m
[0mGET /assets/theme-Bp1mgy3e.js [32m200[0m 24.510 ms - 126[0m
[0mGET /assets/use-quasar-qJxxuNoz.js [32m200[0m 31.022 ms - 84[0m
[0mGET /favicon.ico [32m200[0m 23.694 ms - 32012[0m
[0mGET /assets/useTheme-CeSSPKY0.js [32m200[0m 24.588 ms - 321[0m
[0mGET /assets/QList-D0mvQcw5.js [32m200[0m 11.497 ms - 608[0m
[0mGET /assets/_plugin-vue_export-helper-Ckjbede1.js [32m200[0m 18.416 ms - 2557[0m
[0mGET /assets/rtl-CmfRWfHp.js [32m200[0m 18.933 ms - 11472[0m
[0mGET /assets/MainLayout-C-1M6NrG.js [32m200[0m 20.838 ms - 28365[0m
[0mGET /assets/TransportBar-k2H1NgAX.css [32m200[0m 7.830 ms - 399[0m
[0mGET /assets/MainLayout-DHfn0Ev5.css [32m200[0m 10.795 ms - 1575[0m
[0mGET /assets/QTabs-PE-mQD_7.js [32m200[0m 31.151 ms - 12915[0m
[0mGET /assets/FleetPage-BJvtRRPh.css [32m200[0m 11.239 ms - 93[0m
[0mGET /assets/touch-BjYP5sR0.js [32m200[0m 10.252 ms - 667[0m
[0mGET /assets/DelayedTooltip-BPleD-Tv.js [32m200[0m 39.513 ms - 4597[0m
[0mGET /assets/use-dialog-plugin-component-xLkAFfVo.js [32m200[0m 26.609 ms - 443[0m
[0mGET /assets/TransportBar-DzsrSWeH.js [32m200[0m 25.396 ms - 8262[0m
[0mGET /assets/confirmDialog-Mr4mO2D6.js [32m200[0m 39.573 ms - 10646[0m
[0mGET /assets/usePlayback-DDVASD_u.js [32m200[0m 34.181 ms - 4685[0m
[0mGET /assets/usePlaylist-D3hg8-JH.js [32m200[0m 35.074 ms - 15880[0m
[0mGET /assets/QPage-BrgmSKqt.js [32m200[0m 27.418 ms - 895[0m
[0mGET /assets/QBadge-C5EPjev8.js [32m200[0m 35.576 ms - 923[0m
[0mGET /assets/FleetPage-Caz3fiNz.js [32m200[0m 55.207 ms - 13185[0m
[34m2026-08-20 11:29:45 [debug]: Client connected: aJyrj5vae8dD-bQMAABF [39m
[0mGET /assets/QChip-DtYi9aIy.js [32m200[0m 31.678 ms - 2692[0m
[0mGET /assets/QMarkupTable-D4zn00VZ.js [32m200[0m 17.763 ms - 811[0m
[0mGET /assets/QSelect-Bi9EwEyW.js [32m200[0m 51.278 ms - 28472[0m
[0mGET /assets/QItemLabel-D9Rsnu22.js [32m200[0m 48.072 ms - 1442[0m
[0mGET /icons.svg [36m304[0m 0.623 ms - -[0m
[0mGET /assets/KFOMCnqEu92Fr1ME7kSn66aGLdTylUAMQXC89YmC2DPNWub2bVmUiAw-CHKg1YId.woff [32m200[0m 7.676 ms - 25396[0m
[0mGET /assets/flUhRq6tzZclQEJ-Vdg-IuiaDsNcIhQ8tQ-D-x-0Q06.woff2 [32m200[0m 7.516 ms - 128616[0m
[0mGET /assets/KFOMCnqEu92Fr1ME7kSn66aGLdTylUAMQXC89YmC2DPNWuYjalmUiAw-BepdiOnY.woff [32m200[0m 12.591 ms - 25552[0m
[0mPOST /api/fleet/refresh [32m200[0m 0.250 ms - 11[0m
[0mGET / [32m200[0m 0.806 ms - 876[0m
[34m2026-08-20 11:30:49 [debug]: Client disconnected: yz3IQNUROUFZiLMtAABD [39m
[0mGET /assets/index-Orhx-LBB.js [32m200[0m 1.008 ms - 256226[0m
[0mGET /assets/index-BBHCJSDf.css [32m200[0m 1.013 ms - 205519[0m
[0mGET /assets/i18n-e8UmAg_o.js [32m200[0m 0.882 ms - 43889[0m
[0mGET /assets/vue-i18n-DelrJYxZ.js [32m200[0m 1.444 ms - 58979[0m
[0mGET /assets/axios-Bpln4NpQ.js [32m200[0m 1.211 ms - 333[0m
[0mGET /assets/socketio-CTpFt-vS.js [32m200[0m 0.629 ms - 42965[0m
[0mGET /assets/useApi-BAAVv7ox.js [32m200[0m 0.721 ms - 766[0m
[0mGET /assets/useStatus-CDFCj8BU.js [32m200[0m 1.048 ms - 3330[0m
[0mGET /assets/use-quasar-qJxxuNoz.js [32m200[0m 1.005 ms - 84[0m
[0mGET /assets/theme-Bp1mgy3e.js [32m200[0m 1.032 ms - 126[0m
[0mGET /assets/useTheme-CeSSPKY0.js [32m200[0m 0.815 ms - 321[0m
[0mGET /assets/index-xsH4HHeE.js [32m200[0m 1.103 ms - 35205[0m
[0mGET /assets/MainLayout-C-1M6NrG.js [32m200[0m 1.313 ms - 28365[0m
[0mGET /assets/_plugin-vue_export-helper-Ckjbede1.js [32m200[0m 2.718 ms - 2557[0m
[0mGET /assets/rtl-CmfRWfHp.js [32m200[0m 2.898 ms - 11472[0m
[0mGET /assets/QList-D0mvQcw5.js [32m200[0m 2.963 ms - 608[0m
[0mGET /assets/DelayedTooltip-BPleD-Tv.js [32m200[0m 2.988 ms - 4597[0m
[0mGET /assets/QTabs-PE-mQD_7.js [32m200[0m 3.140 ms - 12915[0m
[0mGET /assets/TransportBar-k2H1NgAX.css [32m200[0m 2.578 ms - 399[0m
[0mGET /assets/MainLayout-DHfn0Ev5.css [32m200[0m 2.557 ms - 1575[0m
[0mGET /assets/KFOMCnqEu92Fr1ME7kSn66aGLdTylUAMQXC89YmC2DPNWubEbVmUiAw-3fZ6d7DD.woff [32m200[0m 2.263 ms - 25192[0m
[0mGET /assets/touch-BjYP5sR0.js [32m200[0m 1.624 ms - 667[0m
[0mGET /assets/PlaylistPage-D2LTrRp9.css [32m200[0m 3.686 ms - 5137[0m
[0mGET /assets/confirmDialog-Mr4mO2D6.js [32m200[0m 2.710 ms - 10646[0m
[0mGET /assets/use-dialog-plugin-component-xLkAFfVo.js [32m200[0m 3.070 ms - 443[0m
[0mGET /assets/TransportBar-DzsrSWeH.js [32m200[0m 2.251 ms - 8262[0m
[0mGET /assets/usePlaylist-D3hg8-JH.js [32m200[0m 2.164 ms - 15880[0m
[0mGET /assets/usePlayback-DDVASD_u.js [32m200[0m 2.324 ms - 4685[0m
[0mGET /assets/QPage-BrgmSKqt.js [32m200[0m 1.965 ms - 895[0m
[34m2026-08-20 11:30:50 [debug]: Client connected: ilC_ui6nt1M7G_TeAABH [39m
[0mGET /assets/QItemLabel-D9Rsnu22.js [32m200[0m 3.111 ms - 1442[0m
[0mGET /assets/QBadge-C5EPjev8.js [32m200[0m 3.183 ms - 923[0m
[0mGET /assets/QSelect-Bi9EwEyW.js [32m200[0m 2.950 ms - 28472[0m
[0mGET /assets/QChip-DtYi9aIy.js [32m200[0m 3.149 ms - 2692[0m
[0mGET /favicon.ico [36m304[0m 13.754 ms - -[0m
[0mGET /assets/PreloadBadge-DLTexs4f.js [32m200[0m 19.657 ms - 914[0m
[0mGET /assets/useFiles-DKJpfGo0.js [32m200[0m 27.003 ms - 2112[0m
[0mGET /assets/QForm-RUqSLZLU.js [32m200[0m 30.473 ms - 2250[0m
[0mGET /assets/PlaylistPage-DVmmNqWk.js [32m200[0m 109.196 ms - 220415[0m
[0mGET /icons.svg [36m304[0m 0.465 ms - -[0m
[0mGET /assets/KFOMCnqEu92Fr1ME7kSn66aGLdTylUAMQXC89YmC2DPNWuYjalmUiAw-BepdiOnY.woff [32m200[0m 0.998 ms - 25552[0m
[0mGET /assets/KFOMCnqEu92Fr1ME7kSn66aGLdTylUAMQXC89YmC2DPNWub2bVmUiAw-CHKg1YId.woff [32m200[0m 1.367 ms - 25396[0m
[0mGET /assets/flUhRq6tzZclQEJ-Vdg-IuiaDsNcIhQ8tQ-D-x-0Q06.woff2 [32m200[0m 1.269 ms - 128616[0m
[0mGET /api/playlist [36m304[0m 2.246 ms - -[0m
[0mPUT /api/playlist/select [32m200[0m 1.768 ms - 26244[0m
[0mGET /api/files/thumbnail/3f59623c-9089-46eb-bdde-b9cf89f05ac2 [36m304[0m 0.852 ms - -[0m
[0mGET /api/files/thumbnail/73c09436-9c0a-4573-8648-7e44a07a4b6a [36m304[0m 0.742 ms - -[0m
[0mGET /api/files/thumbnail/a07d9516-de81-4fb6-8fa0-354ef8afd389 [36m304[0m 1.457 ms - -[0m
[0mGET /api/files/thumbnail/a49d7c2b-48bb-4c4f-a39c-a43294b17341 [36m304[0m 0.660 ms - -[0m
[0mGET /assets/usePresets-BeFm9EEb.css [32m200[0m 13.832 ms - 1373[0m
[0mGET /assets/audioDevice-DeeycBG_.js [32m200[0m 14.486 ms - 4782[0m
[0mGET /assets/IndexPage-JGRHFR9T.js [32m200[0m 15.105 ms - 9990[0m
[0mGET /assets/usePresets-BDC2Qmsv.js [32m200[0m 15.152 ms - 5812[0m
[0mGET /assets/IndexPage-CY57cBTb.css [32m200[0m 15.441 ms - 735[0m
[0mGET /assets/audioDevice-CN6qpF_l.css [32m200[0m 18.080 ms - 198[0m
[32m2026-08-20 11:30:51 [info]: Command sent to player: {"command":"get_audio_devices"} [39m
[0mGET /api/player/audio_devices [36m304[0m 0.687 ms - -[0m
[0mGET /api/player/presets [36m304[0m 1.466 ms - -[0m
[0mGET /assets/FleetPage-Caz3fiNz.js [32m200[0m 0.855 ms - 13185[0m
[0mGET /assets/QMarkupTable-D4zn00VZ.js [32m200[0m 0.975 ms - 811[0m
[0mGET /assets/FleetPage-BJvtRRPh.css [32m200[0m 0.852 ms - 93[0m
[0mPOST /api/fleet/refresh [32m200[0m 0.224 ms - 11[0m
[0mGET /assets/FilesPage-j_uu91dU.css [32m200[0m 1.782 ms - 1731[0m
[0mGET /assets/QSlideTransition-hUxy2MSg.js [32m200[0m 25.992 ms - 1333[0m
[0mGET /assets/deleteFile-C9J685nU.js [32m200[0m 29.799 ms - 16614[0m
[0mGET /assets/FilesPage-DEb2ePtk.js [32m200[0m 35.198 ms - 62609[0m
[0mGET /api/files [36m304[0m 2.123 ms - -[0m
[0mGET /api/folders [36m304[0m 2.774 ms - -[0m
[0mGET /assets/NanumGothic-Regular-DZXllXnW.woff2 [32m200[0m 6.750 ms - 696072[0m
[0mGET /api/files/thumbnail/2b977aae-9055-41e4-b134-8e34af827db7 [36m304[0m 1.208 ms - -[0m
[0mGET /api/files/thumbnail/7327ae6a-230f-43a5-bbc8-314cc0cf385a [36m304[0m 1.258 ms - -[0m
[0mGET /api/files/thumbnail/6aa26f1a-11c1-469a-8239-113d0fc45884 [36m304[0m 1.506 ms - -[0m
[0mGET /api/files/thumbnail/6ccc8817-8fc9-4fb6-8901-205a33fb9ac9 [36m304[0m 1.543 ms - -[0m
[0mGET /api/files/thumbnail/b7b9a649-e9b9-40bd-a698-212291afb0d2 [36m304[0m 0.994 ms - -[0m
[0mGET /api/files/thumbnail/4302a862-2015-43d2-8f37-a2bd34e0642f [36m304[0m 1.071 ms - -[0m
[0mGET /api/files/thumbnail/a07d9516-de81-4fb6-8fa0-354ef8afd389 [36m304[0m 0.675 ms - -[0m
[0mGET /api/files/thumbnail/103b5718-1096-44d1-a67b-a9577a083125 [36m304[0m 0.836 ms - -[0m
[0mGET /api/files/thumbnail/0bca07d2-db37-49e2-8380-46f22e574267 [36m304[0m 0.884 ms - -[0m
[0mGET /api/files/thumbnail/a49d7c2b-48bb-4c4f-a39c-a43294b17341 [36m304[0m 0.477 ms - -[0m
[0mGET /assets/SourcesPage-CjM7crGA.css [32m200[0m 8.133 ms - 91[0m
[0mGET /assets/useSources-CAWQZWjE.js [32m200[0m 12.080 ms - 646[0m
[0mGET /assets/SourcesPage-Bezdw9cq.js [32m200[0m 14.237 ms - 8029[0m
[0mGET /api/sources [36m304[0m 0.583 ms - -[0m
[0mGET /assets/LayoutsPage-DEXz5Mrz.css [32m200[0m 15.765 ms - 628[0m
[0mGET /assets/LayoutsPage-BvSFtqP2.js [32m200[0m 24.236 ms - 12237[0m
[0mGET /assets/QTabPanels-Bz3XTNkF.js [32m200[0m 25.070 ms - 7042[0m
[32m2026-08-20 12:08:59 [info]: Command sent to player: {"command":"get_displays"} [39m
[0mGET /api/player/displays [36m304[0m 0.878 ms - -[0m
[0mGET /api/sources [36m304[0m 1.344 ms - -[0m
[0mGET /assets/SettingsPage-OTHrv9Wt.css [32m200[0m 11.337 ms - 2291[0m
[0mGET /assets/SettingsPage-pNtVtvre.js [32m200[0m 26.888 ms - 44385[0m
[0mGET /api/playlist [36m304[0m 1.740 ms - -[0m
[32m2026-08-20 12:08:59 [info]: Command sent to player: {"command":"get_audio_devices"} [39m
[0mGET /api/player/audio_devices [36m304[0m 1.997 ms - -[0m
[0mGET /assets/HelpPage-D7AZ8VjY.css [32m200[0m 7.259 ms - 3402[0m
[0mGET /assets/HelpPage-BQ47xNGX.js [32m200[0m 11.602 ms - 28143[0m
[0mGET /assets/QExpansionItem-D9iLKbf0.js [32m200[0m 15.159 ms - 4558[0m
[0mGET /assets/NanumGothic-Bold-CrJ8WAmL.woff2 [32m200[0m 13.346 ms - 721556[0m
[0mGET /api/sources [36m304[0m 0.560 ms - -[0m
[0mGET /api/files [36m304[0m 3.109 ms - -[0m
[0mGET /api/folders [36m304[0m 3.443 ms - -[0m
[0mPOST /api/fleet/refresh [32m200[0m 0.268 ms - 11[0m
[0mGET /api/player/presets [36m304[0m 0.493 ms - -[0m
[32m2026-08-20 12:09:13 [info]: Command sent to player: {"command":"get_audio_devices"} [39m
[0mGET /api/player/audio_devices [36m304[0m 0.620 ms - -[0m
[0mGET /api/files/thumbnail/73c09436-9c0a-4573-8648-7e44a07a4b6a [36m304[0m 1.137 ms - -[0m
[32m2026-08-20 12:09:16 [info]: Command sent to player: {"command":"playlist_mode","value":true} [39m
[32m2026-08-20 12:09:16 [info]: Command sent to player: {"command":"get_running_time"} [39m
[32m2026-08-20 12:09:16 [info]: Scene 0 play: 2 clips [win 2,1] [39m
[32m2026-08-20 12:09:16 [info]: Command sent to player: {"command":"set_preload_config","lookahead":2,"max_decks":8} [39m
[32m2026-08-20 12:09:16 [info]: Command sent to player: {"command":"play_synced","scene_idx":0,"lead_ms":150,"timeout_ms":1500,"clips":[{"window_id":2,"track_idx":0,"current":{"path":"C:\\Users\\kjh\\media\\73c09436-9c0a-4573-8648-7e44a07a4b6a\\Over_the_Horizon_2016.mp4","uuid":"73c09436-9c0a-4573-8648-7e44a07a4b6a","is_image":false,"mimetype":"video/mp4","time":0,"delay_ms":0,"volume":100,"channel_map":null,"muted":false,"embedded_streams":[{"index":0,"volume":100,"muted":false,"channels":[{"out":0,"volume":100,"muted":true,"name":"","delay_ms":0},{"out":1,"volume":100,"muted":true,"name":"","delay_ms":0}]}],"audios":[]},"next":{"path":"C:\\Users\\kjh\\media\\ce829bb8-5861-40a4-b8f0-3388c61c1887\\MOANA_MEDLEY.mp4","uuid":"ce829bb8-5861-40a4-b8f0-3388c61c1887","is_image":false,"mimetype":"video/mp4","time":0,"delay_ms":0,"volume":100,"channel_map":null,"muted":false,"embedded_streams":null,"audios":[]}},{"window_id":1,"track_idx":0,"current":{"path":"C:\\Users\\kjh\\media\\3f59623c-9089-46eb-bdde-b9cf89f05ac2\\aespa Better Things.mp4","uuid":"3f59623c-9089-46eb-bdde-b9cf89f05ac2","is_image":false,"mimetype":"video/mp4","time":0,"delay_ms":0,"volume":100,"channel_map":null,"muted":false,"embedded_streams":null,"audios":[]},"next":{"path":"C:\\Users\\kjh\\media\\a07d9516-de81-4fb6-8fa0-354ef8afd389\\Daft_Punk_Pentatonix.mp4","uuid":"a07d9516-de81-4fb6-8fa0-354ef8afd389","is_image":false,"mimetype":"video/mp4","time":0,"delay_ms":0,"volume":100,"channel_map":null,"muted":false,"embedded_streams":[{"index":0,"volume":100,"muted":false,"channels":[{"out":0,"volume":100,"muted":true,"name":"","delay_ms":0},{"out":1,"volume":100,"muted":true,"name":"","delay_ms":0}]}],"audios":[]}}],"start_at":1000006000} [39m
[32m2026-08-20 12:09:16 [info]: Command sent to player: {"command":"set_channel_delays","delays":[0,0]} [39m
[0mGET /api/playlist/play?playlistId=1&trackIndex=0 [36m304[0m 315.115 ms - -[0m
[0mGET /assets/FilesPage-DEb2ePtk.js [33m404[0m 0.571 ms - 167[0m
[0mGET /assets/deleteFile-C9J685nU.js [33m404[0m 0.668 ms - 168[0m
[0mGET /assets/QForm-RUqSLZLU.js [33m404[0m 0.701 ms - 163[0m
[0mGET /assets/useFiles-DKJpfGo0.js [33m404[0m 0.774 ms - 166[0m
[0mGET /assets/QSlideTransition-hUxy2MSg.js [33m404[0m 0.190 ms - 174[0m
[0mGET /assets/FilesPage-j_uu91dU.css [32m200[0m 21.534 ms - 1731[0m
[0mGET / [32m200[0m 27.410 ms - 876[0m
[34m2026-08-20 12:11:38 [debug]: Client disconnected: aJyrj5vae8dD-bQMAABF [39m
[0mGET /assets/index-BBHCJSDf.css [32m200[0m 9.104 ms - 205519[0m
[0mGET /assets/index-CnEpCz_s.js [32m200[0m 37.811 ms - 256226[0m
[0mGET /assets/axios-DydJuRJr.js [32m200[0m 16.130 ms - 333[0m
[0mGET /assets/i18n-CL4xLwhR.js [32m200[0m 20.970 ms - 43889[0m
[0mGET /assets/vue-i18n-BXruOC-K.js [32m200[0m 20.919 ms - 58979[0m
[0mGET /assets/index-xsH4HHeE.js [32m200[0m 23.508 ms - 35205[0m
[0mGET /assets/KFOMCnqEu92Fr1ME7kSn66aGLdTylUAMQXC89YmC2DPNWubEbVmUiAw-3fZ6d7DD.woff [32m200[0m 9.163 ms - 25192[0m
[0mGET /assets/useStatus-CiXCSkaD.js [32m200[0m 26.592 ms - 3330[0m
[0mGET /assets/useApi-ClrlnG-W.js [32m200[0m 16.584 ms - 766[0m
[0mGET /assets/use-quasar-D-qEsjmn.js [32m200[0m 25.285 ms - 84[0m
[0mGET /favicon.ico [32m200[0m 15.798 ms - 32012[0m
[0mGET /assets/useTheme-CDFkFL1h.js [32m200[0m 23.141 ms - 321[0m
[0mGET /assets/theme-Cf_P5pvT.js [32m200[0m 29.775 ms - 126[0m
[0mGET /assets/socketio-CHY6vIjh.js [32m200[0m 61.399 ms - 42965[0m
[0mGET /assets/QList-DeytRNe4.js [32m200[0m 12.730 ms - 608[0m
[0mGET /assets/_plugin-vue_export-helper-CbUqxOoS.js [32m200[0m 18.314 ms - 2557[0m
[0mGET /assets/rtl-CQl90sZu.js [32m200[0m 18.817 ms - 11472[0m
[0mGET /assets/MainLayout-CU-t8zcV.js [32m200[0m 20.004 ms - 28365[0m
[0mGET /assets/TransportBar-k2H1NgAX.css [32m200[0m 6.251 ms - 399[0m
[0mGET /assets/FilesPage-j_uu91dU.css [36m304[0m 0.219 ms - -[0m
[0mGET /assets/MainLayout-DHfn0Ev5.css [32m200[0m 2.210 ms - 1575[0m
[0mGET /assets/QTabs-BMgOm1LH.js [32m200[0m 46.568 ms - 12915[0m
[0mGET /assets/DelayedTooltip-CbMWN7Sy.js [32m200[0m 47.409 ms - 4597[0m
[0mGET /assets/confirmDialog-Bp7kD2k3.js [32m200[0m 26.573 ms - 10646[0m
[0mGET /assets/use-dialog-plugin-component-FOEh3N9E.js [32m200[0m 25.216 ms - 443[0m
[0mGET /assets/touch-BjYP5sR0.js [32m200[0m 39.255 ms - 667[0m
[0mGET /assets/usePlaylist-CVJrPzQ0.js [32m200[0m 20.439 ms - 15880[0m
[0mGET /assets/TransportBar-CusnC30q.js [32m200[0m 46.078 ms - 8262[0m
[0mGET /assets/usePlayback-uGcWyNVi.js [32m200[0m 25.058 ms - 4685[0m
[0mGET /assets/QForm-C4cNOhfa.js [32m200[0m 34.546 ms - 2250[0m
[0mGET /assets/QItemLabel-DtdOGRKT.js [32m200[0m 42.090 ms - 1442[0m
[0mGET /assets/useFiles-DrDgntoL.js [32m200[0m 42.193 ms - 2112[0m
[0mGET /assets/deleteFile-WXhQo0-A.js [32m200[0m 80.578 ms - 16614[0m
[0mGET /assets/FilesPage-DANnY88Y.js [32m200[0m 81.389 ms - 62619[0m
[34m2026-08-20 12:11:39 [debug]: Client connected: rIWWDpWpjlMvrRJ3AABJ [39m
[0mGET /assets/QMarkupTable-ChfQZ1zL.js [32m200[0m 60.947 ms - 811[0m
[0mGET /assets/QSelect-D5X2HJA4.js [32m200[0m 38.627 ms - 28472[0m
[0mGET /assets/QSlideTransition-CHBi3-Mx.js [32m200[0m 48.705 ms - 1333[0m
[0mGET /assets/QChip-BKe0mASo.js [32m200[0m 58.793 ms - 2692[0m
[0mGET /assets/QBadge-9S34ufir.js [32m200[0m 36.078 ms - 923[0m
[0mGET /icons.svg [36m304[0m 0.447 ms - -[0m
[0mGET /assets/KFOMCnqEu92Fr1ME7kSn66aGLdTylUAMQXC89YmC2DPNWuYjalmUiAw-BepdiOnY.woff [32m200[0m 5.670 ms - 25552[0m
[0mGET /assets/KFOMCnqEu92Fr1ME7kSn66aGLdTylUAMQXC89YmC2DPNWub2bVmUiAw-CHKg1YId.woff [32m200[0m 5.724 ms - 25396[0m
[0mGET /assets/flUhRq6tzZclQEJ-Vdg-IuiaDsNcIhQ8tQ-D-x-0Q06.woff2 [32m200[0m 6.364 ms - 128616[0m
[0mGET /api/files [36m304[0m 2.205 ms - -[0m
[0mGET /api/folders [36m304[0m 0.281 ms - -[0m
[0mGET /assets/NanumGothic-Regular-DZXllXnW.woff2 [32m200[0m 5.381 ms - 696072[0m
[0mGET /api/files/thumbnail/2b977aae-9055-41e4-b134-8e34af827db7 [36m304[0m 1.759 ms - -[0m
[0mGET /api/files/thumbnail/7327ae6a-230f-43a5-bbc8-314cc0cf385a [36m304[0m 1.493 ms - -[0m
[0mGET /api/files/thumbnail/6aa26f1a-11c1-469a-8239-113d0fc45884 [36m304[0m 1.361 ms - -[0m
[0mGET /api/files/thumbnail/6ccc8817-8fc9-4fb6-8901-205a33fb9ac9 [36m304[0m 1.367 ms - -[0m
[0mGET /api/files/thumbnail/b7b9a649-e9b9-40bd-a698-212291afb0d2 [36m304[0m 1.859 ms - -[0m
[0mGET /api/files/thumbnail/4302a862-2015-43d2-8f37-a2bd34e0642f [36m304[0m 1.526 ms - -[0m
[0mGET /api/files/thumbnail/a07d9516-de81-4fb6-8fa0-354ef8afd389 [36m304[0m 0.558 ms - -[0m
[0mGET /api/files/thumbnail/103b5718-1096-44d1-a67b-a9577a083125 [36m304[0m 0.849 ms - -[0m
[0mGET /api/files/thumbnail/0bca07d2-db37-49e2-8380-46f22e574267 [36m304[0m 0.733 ms - -[0m
[0mGET /api/files/thumbnail/a49d7c2b-48bb-4c4f-a39c-a43294b17341 [36m304[0m 0.630 ms - -[0m
[0mGET / [32m200[0m 0.925 ms - 876[0m
[34m2026-08-20 12:15:09 [debug]: Client disconnected: ilC_ui6nt1M7G_TeAABH [39m
[0mGET /assets/index-CnEpCz_s.js [32m200[0m 1.134 ms - 256226[0m
[0mGET /assets/index-BBHCJSDf.css [32m200[0m 1.147 ms - 205519[0m
[0mGET /assets/i18n-CL4xLwhR.js [32m200[0m 1.011 ms - 43889[0m
[0mGET /assets/vue-i18n-BXruOC-K.js [32m200[0m 0.819 ms - 58979[0m
[0mGET /assets/axios-DydJuRJr.js [32m200[0m 0.790 ms - 333[0m
[0mGET /assets/useStatus-CiXCSkaD.js [32m200[0m 0.880 ms - 3330[0m
[0mGET /assets/socketio-CHY6vIjh.js [32m200[0m 1.270 ms - 42965[0m
[0mGET /assets/useApi-ClrlnG-W.js [32m200[0m 1.281 ms - 766[0m
[0mGET /assets/use-quasar-D-qEsjmn.js [32m200[0m 2.076 ms - 84[0m
[0mGET /assets/useTheme-CDFkFL1h.js [32m200[0m 1.843 ms - 321[0m
[0mGET /assets/theme-Cf_P5pvT.js [32m200[0m 2.402 ms - 126[0m
[0mGET /assets/index-xsH4HHeE.js [32m200[0m 2.113 ms - 35205[0m
[0mGET /favicon.ico [36m304[0m 0.302 ms - -[0m
[0mGET /assets/KFOMCnqEu92Fr1ME7kSn66aGLdTylUAMQXC89YmC2DPNWubEbVmUiAw-3fZ6d7DD.woff [32m200[0m 0.605 ms - 25192[0m
[0mGET /assets/MainLayout-CU-t8zcV.js [32m200[0m 1.738 ms - 28365[0m
[0mGET /assets/_plugin-vue_export-helper-CbUqxOoS.js [32m200[0m 2.377 ms - 2557[0m
[0mGET /assets/QList-DeytRNe4.js [32m200[0m 2.118 ms - 608[0m
[0mGET /assets/rtl-CQl90sZu.js [32m200[0m 2.719 ms - 11472[0m
[0mGET /assets/DelayedTooltip-CbMWN7Sy.js [32m200[0m 2.639 ms - 4597[0m
[0mGET /assets/QTabs-BMgOm1LH.js [32m200[0m 2.752 ms - 12915[0m
[0mGET /assets/TransportBar-k2H1NgAX.css [32m200[0m 2.325 ms - 399[0m
[0mGET /assets/MainLayout-DHfn0Ev5.css [32m200[0m 3.827 ms - 1575[0m
[0mGET /assets/confirmDialog-Bp7kD2k3.js [32m200[0m 1.069 ms - 10646[0m
[0mGET /assets/use-dialog-plugin-component-FOEh3N9E.js [32m200[0m 1.028 ms - 443[0m
[0mGET /assets/IndexPage-CY57cBTb.css [32m200[0m 3.441 ms - 735[0m
[0mGET /assets/audioDevice-CN6qpF_l.css [32m200[0m 4.108 ms - 198[0m
[0mGET /assets/touch-BjYP5sR0.js [32m200[0m 2.109 ms - 667[0m
[0mGET /assets/TransportBar-CusnC30q.js [32m200[0m 1.634 ms - 8262[0m
[0mGET /assets/usePlaylist-CVJrPzQ0.js [32m200[0m 1.116 ms - 15880[0m
[0mGET /assets/usePlayback-uGcWyNVi.js [32m200[0m 1.066 ms - 4685[0m
[0mGET /assets/QItemLabel-DtdOGRKT.js [32m200[0m 1.421 ms - 1442[0m
[0mGET /assets/QBadge-9S34ufir.js [32m200[0m 1.810 ms - 923[0m
[0mGET /assets/QSelect-D5X2HJA4.js [32m200[0m 1.608 ms - 28472[0m
[0mGET /assets/QChip-BKe0mASo.js [32m200[0m 0.816 ms - 2692[0m
[0mGET /assets/usePresets-BeFm9EEb.css [32m200[0m 12.844 ms - 1373[0m
[34m2026-08-20 12:15:09 [debug]: Client connected: FenMS0ddfshq849fAABL [39m
[0mGET /assets/PreloadBadge-CA3ZNQLx.js [32m200[0m 11.039 ms - 914[0m
[0mGET /assets/IndexPage-DVuCPEnR.js [32m200[0m 19.164 ms - 9990[0m
[0mGET /assets/QPage-CUHSgUI2.js [32m200[0m 22.309 ms - 895[0m
[0mGET /assets/usePresets-GX-fYmyr.js [32m200[0m 32.559 ms - 5812[0m
[0mGET /assets/audioDevice-CdTXrvUr.js [32m200[0m 36.068 ms - 4782[0m
[0mGET /icons.svg [36m304[0m 0.353 ms - -[0m
[0mGET /api/files/thumbnail/73c09436-9c0a-4573-8648-7e44a07a4b6a [36m304[0m 0.574 ms - -[0m
[0mGET /assets/KFOMCnqEu92Fr1ME7kSn66aGLdTylUAMQXC89YmC2DPNWuYjalmUiAw-BepdiOnY.woff [32m200[0m 0.808 ms - 25552[0m
[0mGET /assets/KFOMCnqEu92Fr1ME7kSn66aGLdTylUAMQXC89YmC2DPNWub2bVmUiAw-CHKg1YId.woff [32m200[0m 0.949 ms - 25396[0m
[0mGET /assets/flUhRq6tzZclQEJ-Vdg-IuiaDsNcIhQ8tQ-D-x-0Q06.woff2 [32m200[0m 0.904 ms - 128616[0m
[0mGET /api/playlist [36m304[0m 2.280 ms - -[0m
[32m2026-08-20 12:15:09 [info]: Command sent to player: {"command":"get_audio_devices"} [39m
[0mGET /api/player/audio_devices [36m304[0m 2.567 ms - -[0m
[0mGET /api/player/presets [36m304[0m 2.996 ms - -[0m
[0mGET /assets/QForm-C4cNOhfa.js [32m200[0m 0.736 ms - 2250[0m
[0mGET /assets/deleteFile-WXhQo0-A.js [32m200[0m 1.156 ms - 16614[0m
[0mGET /assets/FilesPage-DANnY88Y.js [32m200[0m 1.805 ms - 62619[0m
[0mGET /assets/useFiles-DrDgntoL.js [32m200[0m 1.259 ms - 2112[0m
[0mGET /assets/QMarkupTable-ChfQZ1zL.js [32m200[0m 1.329 ms - 811[0m
[0mGET /assets/QSlideTransition-CHBi3-Mx.js [32m200[0m 1.352 ms - 1333[0m
[0mGET /assets/FilesPage-j_uu91dU.css [32m200[0m 0.481 ms - 1731[0m
[0mGET /api/files [36m304[0m 2.053 ms - -[0m
[0mGET /api/folders [36m304[0m 2.236 ms - -[0m
[0mGET /assets/NanumGothic-Regular-DZXllXnW.woff2 [32m200[0m 0.633 ms - 696072[0m
[0mGET /api/files/thumbnail/2b977aae-9055-41e4-b134-8e34af827db7 [36m304[0m 1.201 ms - -[0m
[0mGET /api/files/thumbnail/7327ae6a-230f-43a5-bbc8-314cc0cf385a [36m304[0m 1.236 ms - -[0m
[0mGET /api/files/thumbnail/6aa26f1a-11c1-469a-8239-113d0fc45884 [36m304[0m 1.295 ms - -[0m
[0mGET /api/files/thumbnail/6ccc8817-8fc9-4fb6-8901-205a33fb9ac9 [36m304[0m 1.317 ms - -[0m
[0mGET /api/files/thumbnail/b7b9a649-e9b9-40bd-a698-212291afb0d2 [36m304[0m 1.359 ms - -[0m
[0mGET /api/files/thumbnail/4302a862-2015-43d2-8f37-a2bd34e0642f [36m304[0m 1.394 ms - -[0m
[0mGET /api/files/thumbnail/a07d9516-de81-4fb6-8fa0-354ef8afd389 [36m304[0m 2.149 ms - -[0m
[0mGET /api/files/thumbnail/103b5718-1096-44d1-a67b-a9577a083125 [36m304[0m 2.060 ms - -[0m
[0mGET /api/files/thumbnail/0bca07d2-db37-49e2-8380-46f22e574267 [36m304[0m 2.005 ms - -[0m
[0mGET /api/files/thumbnail/a49d7c2b-48bb-4c4f-a39c-a43294b17341 [36m304[0m 1.877 ms - -[0m
[0mGET /assets/useSources-CI2cunmF.js [32m200[0m 11.575 ms - 646[0m
[0mGET /assets/SourcesPage-BN14InHB.js [32m200[0m 12.648 ms - 8029[0m
[0mGET /assets/SourcesPage-CjM7crGA.css [32m200[0m 12.910 ms - 91[0m
[0mGET /api/sources [36m304[0m 0.568 ms - -[0m
[0mGET /assets/PlaylistPage-D2LTrRp9.css [32m200[0m 2.051 ms - 5137[0m
[0mGET /assets/PlaylistPage-u14zIbuU.js [32m200[0m 67.998 ms - 220415[0m
[0mGET /api/playlist [36m304[0m 0.748 ms - -[0m
[0mPUT /api/playlist/select [32m200[0m 1.346 ms - 26244[0m
[0mGET /assets/LayoutsPage-DEXz5Mrz.css [32m200[0m 1.722 ms - 628[0m
[0mGET /assets/LayoutsPage-BuzRvVNP.js [32m200[0m 15.539 ms - 12237[0m
[0mGET /assets/QTabPanels-jDpQ8TbQ.js [32m200[0m 15.845 ms - 7042[0m
[32m2026-08-20 12:15:49 [info]: Command sent to player: {"command":"get_displays"} [39m
[0mGET /api/player/displays [36m304[0m 0.768 ms - -[0m
[0mGET /api/sources [36m304[0m 1.082 ms - -[0m
[0mGET /assets/SettingsPage-OTHrv9Wt.css [32m200[0m 6.481 ms - 2291[0m
[0mGET /assets/SettingsPage-Crq12C1F.js [32m200[0m 17.842 ms - 44385[0m
[0mGET /api/playlist [36m304[0m 1.653 ms - -[0m
[32m2026-08-20 12:15:50 [info]: Command sent to player: {"command":"get_audio_devices"} [39m
[0mGET /api/player/audio_devices [36m304[0m 2.013 ms - -[0m
[0mGET /assets/HelpPage-D7AZ8VjY.css [32m200[0m 7.128 ms - 3402[0m
[0mGET /assets/HelpPage-DfhAWjF6.js [32m200[0m 10.671 ms - 28143[0m
[0mGET /assets/QExpansionItem-DP5FL0il.js [32m200[0m 14.936 ms - 4558[0m
[0mGET /assets/NanumGothic-Bold-CrJ8WAmL.woff2 [32m200[0m 12.426 ms - 721556[0m
[0mGET /assets/FleetPage-BJvtRRPh.css [32m200[0m 5.939 ms - 93[0m
[0mGET /assets/FleetPage-CO1kpEgp.js [32m200[0m 15.827 ms - 13185[0m
[0mPOST /api/fleet/refresh [32m200[0m 0.187 ms - 11[0m
[32m2026-08-20 12:16:00 [info]: Command sent to player: {"command":"get_audio_devices"} [39m
[0mGET /api/player/audio_devices [36m304[0m 0.458 ms - -[0m
[0mGET /api/player/presets [36m304[0m 0.410 ms - -[0m
[0mGET /api/files/thumbnail/73c09436-9c0a-4573-8648-7e44a07a4b6a [36m304[0m 0.590 ms - -[0m
[0mGET /api/files [36m304[0m 2.159 ms - -[0m
[0mGET /api/folders [36m304[0m 2.273 ms - -[0m
[0mGET /api/files/thumbnail/2b977aae-9055-41e4-b134-8e34af827db7 [36m304[0m 0.736 ms - -[0m
[0mGET /api/files/thumbnail/7327ae6a-230f-43a5-bbc8-314cc0cf385a [36m304[0m 0.777 ms - -[0m
[0mGET /api/files/thumbnail/6aa26f1a-11c1-469a-8239-113d0fc45884 [36m304[0m 0.853 ms - -[0m
[0mGET /api/files/thumbnail/6ccc8817-8fc9-4fb6-8901-205a33fb9ac9 [36m304[0m 2.604 ms - -[0m
[0mGET /api/files/thumbnail/b7b9a649-e9b9-40bd-a698-212291afb0d2 [36m304[0m 2.836 ms - -[0m
[0mGET /api/files/thumbnail/4302a862-2015-43d2-8f37-a2bd34e0642f [36m304[0m 3.022 ms - -[0m
[0mGET /api/files/thumbnail/a07d9516-de81-4fb6-8fa0-354ef8afd389 [36m304[0m 3.197 ms - -[0m
[0mGET /api/files/thumbnail/0bca07d2-db37-49e2-8380-46f22e574267 [36m304[0m 3.371 ms - -[0m
[0mGET /api/files/thumbnail/103b5718-1096-44d1-a67b-a9577a083125 [36m304[0m 3.092 ms - -[0m
[0mGET /api/files/thumbnail/a49d7c2b-48bb-4c4f-a39c-a43294b17341 [36m304[0m 0.594 ms - -[0m
[0mGET /api/sources [36m304[0m 0.493 ms - -[0m
[0mGET /api/playlist [36m304[0m 1.593 ms - -[0m
[0mPUT /api/playlist/select [32m200[0m 1.121 ms - 26244[0m
[32m2026-08-20 12:16:03 [info]: Command sent to player: {"command":"get_displays"} [39m
[0mGET /api/player/displays [36m304[0m 0.554 ms - -[0m
[0mGET /api/sources [36m304[0m 1.107 ms - -[0m
[0mGET /api/playlist [36m304[0m 0.918 ms - -[0m
[32m2026-08-20 12:16:03 [info]: Command sent to player: {"command":"get_audio_devices"} [39m
[0mGET /api/player/audio_devices [36m304[0m 1.141 ms - -[0m
